73.1356,33.7508,2022/1/1,7:28:28,4.49,50.19
73.1356,33.7506,2022/1/1,7:28:34,4.49,50.19
73.1356,33.7505,2022/1/1,7:28:40,4.49,50.19
73.1357,33.7502,2022/1/1,7:28:46,4.49,50.19
73.1357,33.7499,2022/1/1,7:28:52,7.98,28.06
73.1356,33.7497,2022/1/1,7:28:58,7.98,28.06
73.1351,33.7494,2022/1/1,7:29:4,7.98,28.06
73.1347,33.749,2022/1/1,7:29:10,7.98,28.06
73.1346,33.7489,2022/1/1,7:29:16,7.98,28.06
73.1337,33.7481,2022/1/1,7:29:22,7.98,28.06
73.1337,33.7481,2022/1/1,7:29:28,7.98,28.06
73.1337,33.7481,2022/1/1,7:29:34,7.98,28.06
73.1326,33.7473,2022/1/1,7:29:40,7.98,28.06
73.1326,33.7471,2022/1/1,7:29:46,7.98,28.06
73.1327,33.7466,2022/1/1,7:29:52,7.98,28.06
73.1329,33.746,2022/1/1,7:29:58,7.98,28.06
73.133,33.7455,2022/1/1,7:30:4,7.98,28.06
73.133,33.7454,2022/1/1,7:30:10,7.98,28.06
73.133,33.7453,2022/1/1,7:30:16,7.98,28.06
73.133,33.745,2022/1/1,7:30:22,7.98,28.06
73.1327,33.7449,2022/1/1,7:30:28,7.98,28.06
73.132,33.7449,2022/1/1,7:30:34,7.98,28.06
73.1313,33.7449,2022/1/1,7:30:40,7.98,28.06
73.1308,33.7449,2022/1/1,7:30:46,7.98,28.06
73.1305,33.7449,2022/1/1,7:30:52,7.98,28.06
73.1304,33.7449,2022/1/1,7:30:58,7.98,28.06
73.1299,33.7447,2022/1/1,7:31:4,7.98,28.06
73.1298,33.7446,2022/1/1,7:31:10,7.98,28.06
73.1297,33.7436,2022/1/1,7:31:16,7.98,28.06
73.1295,33.7427,2022/1/1,7:31:22,7.98,28.06
73.1295,33.7426,2022/1/1,7:31:28,7.98,28.06
73.1295,33.7426,2022/1/1,7:31:34,7.98,28.06
73.1295,33.7426,2022/1/1,7:31:40,7.98,28.06
73.1292,33.7397,2022/1/1,7:31:46,7.98,28.06
73.1294,33.7391,2022/1/1,7:31:52,7.98,28.06
73.1298,33.7386,2022/1/1,7:31:58,7.98,28.06
73.1302,33.7381,2022/1/1,7:32:4,7.98,28.06
73.1307,33.7374,2022/1/1,7:32:10,7.98,28.06
73.1314,33.7365,2022/1/1,7:32:16,7.98,28.06
73.132,33.7357,2022/1/1,7:32:22,7.98,28.06
73.1328,33.7345,2022/1/1,7:32:29,7.98,28.06
73.1336,33.7336,2022/1/1,7:32:35,7.98,28.06
73.1344,33.7325,2022/1/1,7:32:41,7.98,28.06
73.135,33.7317,2022/1/1,7:32:47,7.98,28.06
73.1356,33.7309,2022/1/1,7:32:53,7.98,28.06
73.1362,33.73,2022/1/1,7:32:59,7.98,28.06
73.1369,33.7291,2022/1/1,7:33:5,7.98,28.06
73.1376,33.7282,2022/1/1,7:33:11,7.98,28.06
73.1383,33.7273,2022/1/1,7:33:17,7.98,28.06
73.1388,33.7265,2022/1/1,7:33:23,7.98,28.06
73.1393,33.7262,2022/1/1,7:33:29,7.98,28.06
73.1399,33.7265,2022/1/1,7:33:35,7.98,28.06
73.1407,33.727,2022/1/1,7:33:41,7.98,28.06
73.1416,33.7276,2022/1/1,7:33:47,7.98,28.06
73.1425,33.7282,2022/1/1,7:33:53,7.98,28.06
73.1434,33.7288,2022/1/1,7:33:59,7.98,28.06
73.1444,33.7294,2022/1/1,7:34:5,7.98,28.06
73.1453,33.73,2022/1/1,7:34:11,7.98,28.06
73.1464,33.7305,2022/1/1,7:34:17,7.98,28.06
73.1474,33.7311,2022/1/1,7:34:23,7.98,28.06
73.1482,33.7315,2022/1/1,7:34:29,7.98,28.06
73.1485,33.7317,2022/1/1,7:34:35,7.98,28.06
73.1485,33.7315,2022/1/1,7:34:41,7.98,28.06
73.1478,33.7312,2022/1/1,7:34:47,7.98,28.06
73.1468,33.7306,2022/1/1,7:34:53,7.98,28.06
73.1456,33.73,2022/1/1,7:34:59,7.98,28.06
73.1446,33.7294,2022/1/1,7:35:5,7.98,28.06
73.1436,33.7288,2022/1/1,7:35:11,7.98,28.06
73.1425,33.728,2022/1/1,7:35:17,7.98,28.06
73.1413,33.7273,2022/1/1,7:35:23,7.98,28.06
73.1401,33.7264,2022/1/1,7:35:29,7.98,28.06
73.1389,33.7256,2022/1/1,7:35:35,7.98,28.06
73.1378,33.7247,2022/1/1,7:35:41,7.98,28.06
73.1366,33.7237,2022/1/1,7:35:47,7.98,28.06
73.1356,33.7228,2022/1/1,7:35:53,7.98,28.06
73.1347,33.7219,2022/1/1,7:35:59,7.98,28.06
73.1336,33.7212,2022/1/1,7:36:5,7.98,28.06
73.1322,33.7209,2022/1/1,7:36:8,7.98,28.06
73.1306,33.7207,2022/1/1,7:36:14,7.98,28.06
73.129,33.7204,2022/1/1,7:36:20,7.98,28.06
73.1276,33.7201,2022/1/1,7:36:26,7.98,28.06
73.1263,33.7194,2022/1/1,7:36:32,7.98,28.06
73.1252,33.7188,2022/1/1,7:36:38,7.98,28.06
73.124,33.7186,2022/1/1,7:36:44,7.98,28.06
73.1226,33.7187,2022/1/1,7:36:50,7.98,28.06
73.1211,33.7188,2022/1/1,7:36:56,7.98,28.06
73.1198,33.7186,2022/1/1,7:37:2,7.98,28.06
73.1185,33.718,2022/1/1,7:37:8,7.98,28.06
73.1172,33.7173,2022/1/1,7:37:14,7.98,28.06
73.1158,33.7165,2022/1/1,7:37:20,7.98,28.06
73.1144,33.7156,2022/1/1,7:37:26,7.98,28.06
73.1129,33.7148,2022/1/1,7:37:32,7.98,28.06
73.1116,33.7139,2022/1/1,7:37:38,7.98,28.06
73.1101,33.7131,2022/1/1,7:37:44,7.98,28.06
73.1087,33.7125,2022/1/1,7:37:50,7.98,28.06
73.1074,33.7119,2022/1/1,7:37:56,7.98,28.06
73.1065,33.7112,2022/1/1,7:38:2,7.98,28.06
73.1062,33.7102,2022/1/1,7:38:8,7.98,28.06
73.1062,33.7091,2022/1/1,7:38:14,7.98,28.06
73.1063,33.7082,2022/1/1,7:38:20,7.98,28.06
73.1058,33.708,2022/1/1,7:38:26,7.98,28.06
73.1052,33.7086,2022/1/1,7:38:32,7.98,28.06
73.1047,33.7094,2022/1/1,7:38:38,7.98,28.06
73.1042,33.7101,2022/1/1,7:38:44,7.98,28.06
73.1036,33.7112,2022/1/1,7:38:51,7.98,28.06
73.1032,33.7121,2022/1/1,7:38:57,7.98,28.06
73.1027,33.7127,2022/1/1,7:39:3,7.98,28.06
73.1018,33.7128,2022/1/1,7:39:9,7.98,28.06
73.1008,33.7124,2022/1/1,7:39:15,7.98,28.06
73.0996,33.7117,2022/1/1,7:39:21,7.98,28.06
73.0982,33.711,2022/1/1,7:39:27,7.98,28.06
73.0968,33.7103,2022/1/1,7:39:33,7.98,28.06
73.0954,33.7095,2022/1/1,7:39:39,7.98,28.06
73.0939,33.7088,2022/1/1,7:39:45,7.98,28.06
73.0925,33.708,2022/1/1,7:39:51,7.98,28.06
73.0911,33.7073,2022/1/1,7:39:57,7.98,28.06
73.0898,33.7066,2022/1/1,7:40:3,7.98,28.06
73.0884,33.7058,2022/1/1,7:40:9,7.98,28.06
73.0873,33.7049,2022/1/1,7:40:15,7.98,28.06
73.086,33.7043,2022/1/1,7:40:21,7.98,28.06
73.0846,33.7038,2022/1/1,7:40:27,7.98,28.06
73.0834,33.7033,2022/1/1,7:40:33,7.98,28.06
73.0824,33.7029,2022/1/1,7:40:39,7.98,28.06
73.0816,33.7024,2022/1/1,7:40:45,7.98,28.06
73.0807,33.7019,2022/1/1,7:40:51,7.98,28.06
73.0796,33.7013,2022/1/1,7:40:57,7.98,28.06
73.0784,33.7006,2022/1/1,7:41:3,7.98,28.06
73.0771,33.7,2022/1/1,7:41:9,7.98,28.06
73.0758,33.6993,2022/1/1,7:41:15,7.98,28.06
73.0744,33.6985,2022/1/1,7:41:21,7.98,28.06
73.073,33.6978,2022/1/1,7:41:27,7.98,28.06
73.0715,33.697,2022/1/1,7:41:33,7.98,28.06
73.0699,33.6962,2022/1/1,7:41:39,7.98,28.06
73.0683,33.6954,2022/1/1,7:41:45,7.98,28.06
73.0667,33.6945,2022/1/1,7:41:51,7.98,28.06
73.065,33.6937,2022/1/1,7:41:57,7.98,28.06
73.0633,33.6928,2022/1/1,7:42:3,7.98,28.06
73.0616,33.6919,2022/1/1,7:42:9,7.98,28.06
73.0599,33.691,2022/1/1,7:42:15,7.98,28.06
73.0583,33.6901,2022/1/1,7:42:21,7.98,28.06
73.0566,33.6892,2022/1/1,7:42:27,7.98,28.06
73.0549,33.6883,2022/1/1,7:42:33,7.98,28.06
73.0531,33.6874,2022/1/1,7:42:39,7.98,28.06
73.0513,33.6865,2022/1/1,7:42:45,7.98,28.06
73.0496,33.6856,2022/1/1,7:42:51,7.98,28.06
73.0479,33.6847,2022/1/1,7:42:57,7.98,28.06
73.0462,33.6838,2022/1/1,7:43:3,7.98,28.06
73.0446,33.6829,2022/1/1,7:43:9,7.98,28.06
73.043,33.6821,2022/1/1,7:43:15,7.98,28.06
73.0415,33.6812,2022/1/1,7:43:21,7.98,28.06
73.0402,33.6805,2022/1/1,7:43:27,7.98,28.06
73.039,33.6799,2022/1/1,7:43:33,7.98,28.06
73.038,33.6794,2022/1/1,7:43:39,7.98,28.06
73.0369,33.6789,2022/1/1,7:43:45,7.98,28.06
73.0356,33.6782,2022/1/1,7:43:51,7.98,28.06
73.0342,33.6775,2022/1/1,7:43:57,7.98,28.06
73.0327,33.6767,2022/1/1,7:44:3,7.98,28.06
73.0312,33.6759,2022/1/1,7:44:9,7.98,28.06
73.0298,33.6752,2022/1/1,7:44:15,7.98,28.06
73.0284,33.6744,2022/1/1,7:44:21,7.98,28.06
73.027,33.6736,2022/1/1,7:44:27,7.98,28.06
73.0255,33.6728,2022/1/1,7:44:33,7.98,28.06
73.024,33.672,2022/1/1,7:44:39,7.98,28.06
73.0225,33.6713,2022/1/1,7:44:45,7.98,28.06
73.021,33.6706,2022/1/1,7:44:51,7.98,28.06
73.0195,33.6698,2022/1/1,7:44:57,7.98,28.06
73.0179,33.6689,2022/1/1,7:45:3,7.98,28.06
73.0165,33.6681,2022/1/1,7:45:9,7.98,28.06
73.015,33.6673,2022/1/1,7:45:15,7.98,28.06
73.0135,33.6665,2022/1/1,7:45:21,7.98,28.06
73.0117,33.6657,2022/1/1,7:45:28,7.98,28.06
73.0102,33.6648,2022/1/1,7:45:34,7.98,28.06
73.0086,33.6641,2022/1/1,7:45:40,7.98,28.06
73.0073,33.6633,2022/1/1,7:45:46,7.98,28.06
73.0064,33.6629,2022/1/1,7:45:52,7.98,28.06
73.006,33.6625,2022/1/1,7:45:58,7.98,28.06
73.0058,33.6625,2022/1/1,7:46:52,7.98,28.06
73.0055,33.6623,2022/1/1,7:46:58,7.98,28.06
73.0048,33.662,2022/1/1,7:47:4,7.98,28.06
73.0038,33.6615,2022/1/1,7:47:10,7.98,28.06
73.0026,33.6609,2022/1/1,7:47:16,7.98,28.06
73.0014,33.6602,2022/1/1,7:47:22,7.98,28.06
73.0001,33.6596,2022/1/1,7:47:28,7.98,28.06
72.9988,33.6588,2022/1/1,7:47:34,7.98,28.06
72.9973,33.6581,2022/1/1,7:47:40,7.98,28.06
72.9959,33.6573,2022/1/1,7:47:46,7.98,28.06
72.9947,33.6568,2022/1/1,7:47:52,7.98,28.06
72.9935,33.6561,2022/1/1,7:47:58,7.98,28.06
72.9922,33.6555,2022/1/1,7:48:4,7.98,28.06
72.9911,33.6548,2022/1/1,7:48:10,7.98,28.06
73.0225,33.6713,2022/1/1,7:44:45,7.98,28.06
73.021,33.6706,2022/1/1,7:44:51,7.98,28.06
73.0195,33.6698,2022/1/1,7:44:57,7.98,28.06
73.0179,33.6689,2022/1/1,7:45:3,7.98,28.06
73.0165,33.6681,2022/1/1,7:45:9,7.98,28.06
73.015,33.6673,2022/1/1,7:45:15,7.98,28.06
73.0135,33.6665,2022/1/1,7:45:21,7.98,28.06
73.0117,33.6657,2022/1/1,7:45:28,7.98,28.06
73.0102,33.6648,2022/1/1,7:45:34,7.98,28.06
73.0086,33.6641,2022/1/1,7:45:40,7.98,28.06
73.0073,33.6633,2022/1/1,7:45:46,7.98,28.06
73.0064,33.6629,2022/1/1,7:45:52,7.98,28.06
73.006,33.6625,2022/1/1,7:45:58,7.98,28.06
73.0058,33.6625,2022/1/1,7:46:52,7.98,28.06
73.0055,33.6623,2022/1/1,7:46:58,7.98,28.06
73.0048,33.662,2022/1/1,7:47:4,7.98,28.06
73.0038,33.6615,2022/1/1,7:47:10,7.98,28.06
73.0026,33.6609,2022/1/1,7:47:16,7.98,28.06
73.0014,33.6602,2022/1/1,7:47:22,7.98,28.06
73.0001,33.6596,2022/1/1,7:47:28,7.98,28.06
72.9988,33.6588,2022/1/1,7:47:34,7.98,28.06
72.9973,33.6581,2022/1/1,7:47:40,7.98,28.06
72.9959,33.6573,2022/1/1,7:47:46,7.98,28.06
72.9947,33.6568,2022/1/1,7:47:52,7.98,28.06
72.9935,33.6561,2022/1/1,7:47:58,7.98,28.06
72.9922,33.6555,2022/1/1,7:48:4,7.98,28.06
72.9911,33.6548,2022/1/1,7:48:10,7.98,28.06
72.99,33.6543,2022/1/1,7:48:16,7.98,28.06
72.9889,33.6536,2022/1/1,7:48:22,7.98,28.06
72.9877,33.653,2022/1/1,7:48:28,7.98,28.06
72.9864,33.6523,2022/1/1,7:48:34,7.98,28.06
72.9851,33.6516,2022/1/1,7:48:40,7.98,28.06
72.9838,33.6509,2022/1/1,7:48:46,7.98,28.06
72.9825,33.6502,2022/1/1,7:48:52,7.98,28.06
72.9813,33.6496,2022/1/1,7:48:58,7.98,28.06
72.9802,33.649,2022/1/1,7:49:4,7.98,28.06
72.9793,33.6485,2022/1/1,7:49:10,7.98,28.06
72.9786,33.6481,2022/1/1,7:49:16,7.98,28.06
72.9785,33.6476,2022/1/1,7:49:22,7.98,28.06
72.9789,33.6469,2022/1/1,7:49:28,7.98,28.06
72.9794,33.6463,2022/1/1,7:49:34,7.98,28.06
72.9796,33.646,2022/1/1,7:49:40,7.98,28.06
72.9794,33.6461,2022/1/1,7:49:46,7.98,28.06
72.9791,33.6465,2022/1/1,7:49:52,7.98,28.06
72.9787,33.6471,2022/1/1,7:49:58,7.98,28.06
72.9782,33.6476,2022/1/1,7:50:4,7.98,28.06
72.9775,33.6475,2022/1/1,7:50:10,7.98,28.06
72.9767,33.6471,2022/1/1,7:50:16,7.98,28.06
72.976,33.6467,2022/1/1,7:50:22,7.98,28.06
72.9759,33.6462,2022/1/1,7:50:28,7.98,28.06
72.9762,33.6458,2022/1/1,7:50:34,7.98,28.06
72.9756,33.6456,2022/1/1,8:5:49,11.08,22.56
72.9755,33.6457,2022/1/1,8:5:55,11.08,22.56
72.9753,33.6459,2022/1/1,8:6:1,11.08,22.56
72.975,33.646,2022/1/1,8:6:7,11.08,22.56
72.9747,33.646,2022/1/1,8:6:13,11.08,22.56
72.9747,33.646,2022/1/1,8:6:19,11.08,22.56
72.9747,33.646,2022/1/1,8:6:25,11.08,22.56
72.9747,33.646,2022/1/1,8:6:31,11.08,22.56
72.9747,33.646,2022/1/1,8:6:37,11.08,22.56
72.9747,33.646,2022/1/1,8:6:43,11.08,22.56
72.9747,33.646,2022/1/1,8:6:49,11.08,22.56
72.9747,33.646,2022/1/1,8:6:55,11.08,22.56
72.9746,33.646,2022/1/1,8:7:1,11.08,22.56
72.9747,33.646,2022/1/1,8:7:7,11.08,22.56
72.9747,33.646,2022/1/1,8:7:13,11.08,22.56
72.9747,33.6459,2022/1/1,8:7:19,11.08,22.56
72.9747,33.646,2022/1/1,8:7:25,11.08,22.56
72.9747,33.646,2022/1/1,8:7:31,11.08,22.56
72.9747,33.646,2022/1/1,8:7:37,11.08,22.56
72.9747,33.646,2022/1/1,8:7:43,11.08,22.56
72.9747,33.646,2022/1/1,8:7:49,11.08,22.56
72.9747,33.646,2022/1/1,8:7:55,11.08,22.56
72.9747,33.646,2022/1/1,8:8:1,11.08,22.56
72.9747,33.646,2022/1/1,8:8:7,11.08,22.56
72.9747,33.646,2022/1/1,8:8:13,11.08,22.56
72.9747,33.646,2022/1/1,8:8:19,11.08,22.56
72.9747,33.646,2022/1/1,8:8:25,11.08,22.56
72.9747,33.646,2022/1/1,8:8:31,11.08,22.56
72.9745,33.6459,2022/1/1,8:9:19,11.08,22.56
72.9741,33.6457,2022/1/1,8:9:25,11.08,22.56
72.9736,33.6455,2022/1/1,8:9:31,11.08,22.56
72.9728,33.6451,2022/1/1,8:9:37,11.08,22.56
72.972,33.6447,2022/1/1,8:9:43,11.08,22.56
72.9711,33.6442,2022/1/1,8:9:49,11.08,22.56
72.9701,33.6437,2022/1/1,8:9:55,11.08,22.56
72.9691,33.6432,2022/1/1,8:10:1,11.08,22.56
72.9682,33.6427,2022/1/1,8:10:7,11.08,22.56
72.9672,33.6422,2022/1/1,8:10:13,11.08,22.56
72.9663,33.6418,2022/1/1,8:10:19,11.08,22.56
72.9651,33.6417,2022/1/1,8:10:25,11.08,22.56
72.9638,33.6415,2022/1/1,8:10:31,11.08,22.56
72.9622,33.6408,2022/1/1,8:10:38,11.08,22.56
72.9607,33.64,2022/1/1,8:10:44,11.08,22.56
72.9591,33.6392,2022/1/1,8:10:50,11.08,22.56
72.9575,33.6383,2022/1/1,8:10:56,11.08,22.56
72.9559,33.6373,2022/1/1,8:11:2,11.08,22.56
72.9541,33.6364,2022/1/1,8:11:8,11.08,22.56
72.9524,33.6354,2022/1/1,8:11:14,11.08,22.56
72.9508,33.6344,2022/1/1,8:11:20,11.08,22.56
72.9495,33.6333,2022/1/1,8:11:26,11.08,22.56
72.9482,33.6322,2022/1/1,8:11:32,11.08,22.56
72.9469,33.6315,2022/1/1,8:11:38,11.08,22.56
72.9455,33.6315,2022/1/1,8:11:44,11.08,22.56
72.944,33.6319,2022/1/1,8:11:50,11.08,22.56
72.9425,33.6323,2022/1/1,8:11:56,11.08,22.56
72.9412,33.6324,2022/1/1,8:12:2,11.08,22.56
72.9399,33.6322,2022/1/1,8:12:8,11.08,22.56
72.9387,33.6317,2022/1/1,8:12:14,11.08,22.56
72.9376,33.6309,2022/1/1,8:12:20,11.08,22.56
72.9364,33.6299,2022/1/1,8:12:26,11.08,22.56
72.9352,33.6289,2022/1/1,8:12:32,11.08,22.56
72.9339,33.628,2022/1/1,8:12:38,11.08,22.56
72.9326,33.6271,2022/1/1,8:12:44,11.08,22.56
72.9312,33.6262,2022/1/1,8:12:50,11.08,22.56
72.9297,33.6252,2022/1/1,8:12:56,11.08,22.56
72.9283,33.6242,2022/1/1,8:13:2,11.08,22.56
1.0,33.623,2022/1/1,8:13:8,9.08,61.19
72.8791,33.5967,2022/1/1,8:15:56,11.08,22.56
72.8783,33.5953,2022/1/1,8:16:2,11.08,22.56
72.8774,33.5939,2022/1/1,8:16:8,11.08,22.56
72.8761,33.5928,2022/1/1,8:16:14,11.08,22.56
72.8746,33.592,2022/1/1,8:16:20,11.08,22.56
72.8732,33.5914,2022/1/1,8:16:26,11.08,22.56
72.8722,33.5907,2022/1/1,8:16:32,11.08,22.56
72.8718,33.5896,2022/1/1,8:16:38,11.08,22.56
72.8718,33.5886,2022/1/1,8:16:44,11.08,22.56
72.8723,33.5876,2022/1/1,8:16:50,11.08,22.56
72.8731,33.5865,2022/1/1,8:16:57,11.08,22.56
72.8739,33.5854,2022/1/1,8:17:3,11.08,22.56
72.8746,33.5845,2022/1/1,8:17:9,11.08,22.56
72.8749,33.5842,2022/1/1,8:17:15,11.08,22.56
72.875,33.5841,2022/1/1,8:17:21,11.08,22.56
72.8753,33.5839,2022/1/1,8:17:27,11.08,22.56
72.8754,33.5838,2022/1/1,8:17:33,11.08,22.56
72.8755,33.5836,2022/1/1,8:17:39,11.08,22.56
72.8756,33.5834,2022/1/1,8:20:45,11.08,22.56
72.8757,33.5834,2022/1/1,8:20:51,11.08,22.56
72.8759,33.5831,2022/1/1,8:20:57,11.08,22.56
72.8762,33.5826,2022/1/1,8:21:3,11.08,22.56
72.8766,33.582,2022/1/1,8:21:9,11.08,22.56
72.8771,33.5816,2022/1/1,8:21:15,11.08,22.56
72.8772,33.5814,2022/1/1,8:21:21,11.08,22.56
72.8773,33.5813,2022/1/1,8:21:27,11.08,22.56
72.8775,33.5808,2022/1/1,8:21:33,11.08,22.56
72.8779,33.5801,2022/1/1,8:21:39,11.08,22.56
72.8785,33.5793,2022/1/1,8:21:45,11.08,22.56
72.8792,33.5783,2022/1/1,8:21:51,11.08,22.56
72.8801,33.5772,2022/1/1,8:21:57,11.08,22.56
72.8811,33.5759,2022/1/1,8:22:3,11.08,22.56
72.8822,33.5746,2022/1/1,8:22:9,11.08,22.56
72.8834,33.5732,2022/1/1,8:22:15,11.08,22.56
72.8846,33.5717,2022/1/1,8:22:21,11.08,22.56
72.8857,33.5702,2022/1/1,8:22:27,11.08,22.56
72.8869,33.5687,2022/1/1,8:22:33,11.08,22.56
72.888,33.5672,2022/1/1,8:22:39,11.08,22.56
72.8892,33.5657,2022/1/1,8:22:45,11.08,22.56
72.8904,33.5641,2022/1/1,8:22:51,11.08,22.56
72.8917,33.5625,2022/1/1,8:22:57,11.08,22.56
72.8931,33.561,2022/1/1,8:23:3,11.08,22.56
72.8947,33.5596,2022/1/1,8:23:9,11.08,22.56
72.8964,33.5583,2022/1/1,8:23:15,11.08,22.56
72.8985,33.5569,2022/1/1,8:23:22,11.08,22.56
72.9003,33.5557,2022/1/1,8:23:28,11.08,22.56
72.9018,33.5545,2022/1/1,8:23:34,11.08,22.56
72.9029,33.553,2022/1/1,8:23:40,11.08,22.56
72.9036,33.5514,2022/1/1,8:23:46,11.08,22.56
72.9039,33.5496,2022/1/1,8:23:52,11.08,22.56
72.9035,33.5478,2022/1/1,8:23:58,11.08,22.56
72.9027,33.546,2022/1/1,8:24:4,11.08,22.56
72.9017,33.5444,2022/1/1,8:24:10,11.08,22.56
72.901,33.5426,2022/1/1,8:24:16,11.08,22.56
72.9006,33.5408,2022/1/1,8:24:22,11.08,22.56
72.9004,33.5389,2022/1/1,8:24:28,11.08,22.56
72.9002,33.537,2022/1/1,8:24:34,11.08,22.56
72.9,33.5352,2022/1/1,8:24:40,11.08,22.56
72.8995,33.5334,2022/1/1,8:24:46,11.08,22.56
72.8988,33.5317,2022/1/1,8:24:52,11.08,22.56
72.8978,33.5301,2022/1/1,8:24:58,11.08,22.56
72.8965,33.5287,2022/1/1,8:25:4,11.08,22.56
72.895,33.5273,2022/1/1,8:25:10,11.08,22.56
72.8936,33.526,2022/1/1,8:25:16,11.08,22.56
72.892,33.5246,2022/1/1,8:25:22,11.08,22.56
72.8905,33.5232,2022/1/1,8:25:28,11.08,22.56
72.889,33.5218,2022/1/1,8:25:34,11.08,22.56
72.8874,33.5204,2022/1/1,8:25:40,11.08,22.56
72.8859,33.519,2022/1/1,8:25:46,11.08,22.56
72.8845,33.5177,2022/1/1,8:25:52,11.08,22.56
72.883,33.5163,2022/1/1,8:25:58,11.08,22.56
72.8815,33.515,2022/1/1,8:26:4,11.08,22.56
72.88,33.5136,2022/1/1,8:26:10,11.08,22.56
72.8785,33.5123,2022/1/1,8:26:16,11.08,22.56
72.8769,33.5108,2022/1/1,8:26:22,11.08,22.56
72.8753,33.5094,2022/1/1,8:26:28,11.08,22.56
72.8737,33.508,2022/1/1,8:26:34,11.08,22.56
72.8721,33.5066,2022/1/1,8:26:40,11.08,22.56
72.8704,33.5053,2022/1/1,8:26:46,11.08,22.56
72.8687,33.504,2022/1/1,8:26:52,11.08,22.56
72.867,33.5027,2022/1/1,8:26:58,11.08,22.56
72.8652,33.5014,2022/1/1,8:27:4,11.08,22.56
72.8635,33.5001,2022/1/1,8:27:10,11.08,22.56
72.8617,33.4987,2022/1/1,8:27:16,11.08,22.56
72.86,33.4974,2022/1/1,8:27:22,11.08,22.56
72.8584,33.4961,2022/1/1,8:27:28,11.08,22.56
72.8568,33.4947,2022/1/1,8:27:34,11.08,22.56
72.8552,33.4934,2022/1/1,8:27:40,11.08,22.56
72.8536,33.4921,2022/1/1,8:27:46,11.08,22.56
72.8519,33.4907,2022/1/1,8:27:52,11.08,22.56
72.8502,33.4894,2022/1/1,8:27:58,11.08,22.56
72.8485,33.488,2022/1/1,8:28:4,11.08,22.56
72.8469,33.4867,2022/1/1,8:28:10,11.08,22.56
72.8453,33.4854,2022/1/1,8:28:16,11.08,22.56
72.8437,33.4841,2022/1/1,8:28:22,11.08,22.56
72.8421,33.4827,2022/1/1,8:28:28,11.08,22.56
72.8407,33.4813,2022/1/1,8:28:34,11.08,22.56
72.8394,33.4797,2022/1/1,8:28:40,11.08,22.56
72.8383,33.478,2022/1/1,8:28:46,11.08,22.56
72.8375,33.4761,2022/1/1,8:28:52,11.08,22.56
72.8369,33.4742,2022/1/1,8:28:58,11.08,22.56
72.8367,33.4722,2022/1/1,8:29:4,11.08,22.56
72.8366,33.4702,2022/1/1,8:29:10,11.08,22.56
72.8365,33.4682,2022/1/1,8:29:16,11.08,22.56
72.8364,33.4662,2022/1/1,8:29:22,11.08,22.56
72.8364,33.4642,2022/1/1,8:29:28,11.08,22.56
72.8363,33.4618,2022/1/1,8:29:35,11.08,22.56
72.8362,33.4598,2022/1/1,8:29:41,11.08,22.56
72.8361,33.4577,2022/1/1,8:29:47,11.08,22.56
72.836,33.4557,2022/1/1,8:29:53,11.08,22.56
72.8359,33.4538,2022/1/1,8:29:59,11.08,22.56
72.8358,33.4518,2022/1/1,8:30:5,11.08,22.56
72.8357,33.4498,2022/1/1,8:30:11,11.08,22.56
72.8355,33.4478,2022/1/1,8:30:17,11.08,22.56
72.8348,33.4459,2022/1/1,8:30:23,11.08,22.56
72.8339,33.4442,2022/1/1,8:30:29,11.08,22.56
72.8328,33.4428,2022/1/1,8:30:35,11.08,22.56
72.8313,33.4415,2022/1/1,8:30:41,11.08,22.56
72.8295,33.4403,2022/1/1,8:30:47,11.08,22.56
72.8279,33.4391,2022/1/1,8:30:53,11.08,22.56
72.8267,33.4376,2022/1/1,8:30:59,11.08,22.56
72.8258,33.436,2022/1/1,8:31:5,11.08,22.56
72.8255,33.4342,2022/1/1,8:31:11,11.08,22.56
72.8255,33.4324,2022/1/1,8:31:17,11.08,22.56
72.826,33.4305,2022/1/1,8:31:23,11.08,22.56
72.8266,33.4287,2022/1/1,8:31:29,11.08,22.56
72.8272,33.4267,2022/1/1,8:31:35,11.08,22.56
72.8279,33.4248,2022/1/1,8:31:41,11.08,22.56
72.8284,33.4228,2022/1/1,8:31:47,11.08,22.56
72.8288,33.4209,2022/1/1,8:31:53,11.08,22.56
72.829,33.419,2022/1/1,8:31:59,11.08,22.56
72.829,33.417,2022/1/1,8:32:5,11.08,22.56
72.8288,33.4151,2022/1/1,8:32:11,11.08,22.56
72.8285,33.4131,2022/1/1,8:32:17,11.08,22.56
72.8279,33.4112,2022/1/1,8:32:23,11.08,22.56
72.8271,33.4093,2022/1/1,8:32:29,11.08,22.56
72.8262,33.4074,2022/1/1,8:32:35,11.08,22.56
72.8251,33.4057,2022/1/1,8:32:41,11.08,22.56
72.8239,33.404,2022/1/1,8:32:47,11.08,22.56
72.8227,33.4023,2022/1/1,8:32:53,11.08,22.56
72.8215,33.4006,2022/1/1,8:32:59,11.08,22.56
72.8203,33.3989,2022/1/1,8:33:5,11.08,22.56
72.8192,33.3971,2022/1/1,8:33:11,11.08,22.56
72.8185,33.3952,2022/1/1,8:33:17,11.08,22.56
72.818,33.3933,2022/1/1,8:33:23,11.08,22.56
72.818,33.3913,2022/1/1,8:33:29,11.08,22.56
72.818,33.3893,2022/1/1,8:33:35,11.08,22.56
72.8181,33.3873,2022/1/1,8:33:41,11.08,22.56
72.8181,33.3853,2022/1/1,8:33:47,11.08,22.56
72.8182,33.3833,2022/1/1,8:33:53,11.08,22.56
72.8182,33.3814,2022/1/1,8:33:59,11.08,22.56
72.8181,33.3796,2022/1/1,8:34:5,11.08,22.56
72.8179,33.3777,2022/1/1,8:34:11,11.08,22.56
72.8176,33.3757,2022/1/1,8:34:17,11.08,22.56
72.8172,33.3738,2022/1/1,8:34:23,11.08,22.56
72.8167,33.3718,2022/1/1,8:34:29,11.08,22.56
72.8162,33.3699,2022/1/1,8:34:35,11.08,22.56
72.8156,33.368,2022/1/1,8:34:41,11.08,22.56
72.8151,33.366,2022/1/1,8:34:47,11.08,22.56
72.8147,33.3641,2022/1/1,8:34:53,11.08,22.56
72.8143,33.362,2022/1/1,8:34:59,11.08,22.56
72.8141,33.36,2022/1/1,8:35:5,11.08,22.56
72.8138,33.358,2022/1/1,8:35:11,11.08,22.56
72.8135,33.3559,2022/1/1,8:35:17,11.08,22.56
72.8132,33.354,2022/1/1,8:35:23,11.08,22.56
72.8128,33.3521,2022/1/1,8:35:29,11.08,22.56
72.8121,33.3503,2022/1/1,8:35:35,9.82,26.5
72.8111,33.3483,2022/1/1,8:35:42,9.82,26.5
72.81,33.3466,2022/1/1,8:35:48,9.82,26.5
72.8088,33.345,2022/1/1,8:35:54,9.82,26.5
72.8075,33.3436,2022/1/1,8:36:0,9.82,26.5
72.806,33.3423,2022/1/1,8:36:6,9.82,26.5
72.8045,33.3409,2022/1/1,8:36:12,9.82,26.5
72.803,33.3396,2022/1/1,8:36:18,9.82,26.5
72.8014,33.3382,2022/1/1,8:36:24,9.82,26.5
72.7998,33.3368,2022/1/1,8:36:30,9.82,26.5
72.7983,33.3354,2022/1/1,8:36:36,9.82,26.5
72.7968,33.3341,2022/1/1,8:36:42,9.82,26.5
72.7952,33.3327,2022/1/1,8:36:48,9.82,26.5
72.7938,33.3314,2022/1/1,8:36:54,9.82,26.5
72.7924,33.33,2022/1/1,8:37:0,9.82,26.5
72.791,33.3285,2022/1/1,8:37:6,9.82,26.5
72.7897,33.3271,2022/1/1,8:37:12,9.82,26.5
72.7885,33.3256,2022/1/1,8:37:18,9.82,26.5
72.7872,33.324,2022/1/1,8:37:24,9.82,26.5
72.7859,33.3225,2022/1/1,8:37:30,9.82,26.5
72.7846,33.3209,2022/1/1,8:37:36,9.82,26.5
72.7833,33.3193,2022/1/1,8:37:42,9.82,26.5
72.782,33.3177,2022/1/1,8:37:48,9.82,26.5
72.7809,33.316,2022/1/1,8:37:54,9.82,26.5
72.7801,33.3142,2022/1/1,8:38:0,9.82,26.5
72.7795,33.3123,2022/1/1,8:38:6,9.82,26.5
72.7792,33.3103,2022/1/1,8:38:12,9.82,26.5
72.779,33.3083,2022/1/1,8:38:18,9.82,26.5
72.7787,33.3063,2022/1/1,8:38:24,9.82,26.5
72.7785,33.3044,2022/1/1,8:38:30,9.82,26.5
72.7782,33.3025,2022/1/1,8:38:36,9.82,26.5
72.778,33.3006,2022/1/1,8:38:42,9.82,26.5
72.7777,33.2987,2022/1/1,8:38:48,9.82,26.5
72.7774,33.2968,2022/1/1,8:38:54,9.82,26.5
72.7772,33.2949,2022/1/1,8:39:0,9.82,26.5
72.7767,33.293,2022/1/1,8:39:6,9.82,26.5
72.776,33.2911,2022/1/1,8:39:12,9.82,26.5
72.7752,33.2893,2022/1/1,8:39:18,9.82,26.5
72.7741,33.2875,2022/1/1,8:39:24,9.82,26.5
72.773,33.2858,2022/1/1,8:39:30,9.82,26.5
72.7719,33.2841,2022/1/1,8:39:36,9.82,26.5
72.7708,33.2824,2022/1/1,8:39:42,9.82,26.5
72.7697,33.2807,2022/1/1,8:39:48,9.82,26.5
72.7685,33.279,2022/1/1,8:39:54,9.82,26.5
72.7674,33.2773,2022/1/1,8:40:0,9.82,26.5
72.7663,33.2757,2022/1/1,8:40:6,9.82,26.5
72.7652,33.2739,2022/1/1,8:40:12,9.82,26.5
72.7641,33.2722,2022/1/1,8:40:18,9.82,26.5
72.7629,33.2704,2022/1/1,8:40:24,9.82,26.5
72.7618,33.2688,2022/1/1,8:40:30,9.82,26.5
72.7605,33.2672,2022/1/1,8:40:36,9.82,26.5
72.7591,33.2657,2022/1/1,8:40:42,9.82,26.5
72.7576,33.2643,2022/1/1,8:40:48,9.82,26.5
72.756,33.2629,2022/1/1,8:40:54,9.82,26.5
72.7545,33.2615,2022/1/1,8:41:0,9.82,26.5
72.7529,33.2601,2022/1/1,8:41:6,9.82,26.5
72.7513,33.2587,2022/1/1,8:41:12,9.82,26.5
72.7495,33.2575,2022/1/1,8:41:18,9.82,26.5
72.7477,33.2564,2022/1/1,8:41:24,9.82,26.5
72.7459,33.2552,2022/1/1,8:41:30,9.82,26.5
72.7441,33.254,2022/1/1,8:41:36,9.82,26.5
72.7425,33.2526,2022/1/1,8:41:42,9.82,26.5
72.7409,33.2512,2022/1/1,8:41:48,9.82,26.5
72.739,33.2496,2022/1/1,8:41:55,10.26,24.75
72.7374,33.2483,2022/1/1,8:42:1,10.26,24.75
72.7358,33.247,2022/1/1,8:42:7,10.26,24.75
72.7339,33.2459,2022/1/1,8:42:13,10.26,24.75
72.732,33.2449,2022/1/1,8:42:19,10.26,24.75
72.7301,33.244,2022/1/1,8:42:25,10.26,24.75
72.7281,33.243,2022/1/1,8:42:31,10.26,24.75
72.7261,33.2421,2022/1/1,8:42:37,10.26,24.75
72.7241,33.2413,2022/1/1,8:42:43,10.26,24.75
72.7222,33.2403,2022/1/1,8:42:49,10.26,24.75
72.7203,33.2393,2022/1/1,8:42:55,10.26,24.75
72.7184,33.2382,2022/1/1,8:43:1,10.26,24.75
72.7166,33.237,2022/1/1,8:43:7,10.26,24.75
72.7146,33.2359,2022/1/1,8:43:13,10.26,24.75
72.7127,33.2348,2022/1/1,8:43:19,10.26,24.75
72.7108,33.2336,2022/1/1,8:43:25,10.26,24.75
72.7089,33.2325,2022/1/1,8:43:31,10.26,24.75
72.707,33.2314,2022/1/1,8:43:37,10.26,24.75
72.7051,33.2302,2022/1/1,8:43:43,10.26,24.75
72.7033,33.229,2022/1/1,8:43:49,10.26,24.75
72.7016,33.2276,2022/1/1,8:43:55,10.26,24.75
72.7001,33.2261,2022/1/1,8:44:1,10.26,24.75
72.6987,33.2245,2022/1/1,8:44:7,10.26,24.75
72.6971,33.2231,2022/1/1,8:44:13,10.26,24.75
72.6952,33.222,2022/1/1,8:44:19,10.26,24.75
72.6932,33.2211,2022/1/1,8:44:25,10.26,24.75
72.6912,33.2205,2022/1/1,8:44:31,10.26,24.75
72.6892,33.2199,2022/1/1,8:44:37,10.26,24.75
72.6873,33.2192,2022/1/1,8:44:43,10.26,24.75
72.6855,33.2184,2022/1/1,8:44:49,10.26,24.75
72.6837,33.2174,2022/1/1,8:44:55,10.26,24.75
72.682,33.2164,2022/1/1,8:45:1,10.26,24.75
72.6802,33.2152,2022/1/1,8:45:7,10.26,24.75
72.6784,33.2141,2022/1/1,8:45:13,10.26,24.75
72.6765,33.213,2022/1/1,8:45:19,10.26,24.75
72.6747,33.2118,2022/1/1,8:45:25,10.26,24.75
72.6731,33.2106,2022/1/1,8:45:31,10.26,24.75
72.6715,33.2092,2022/1/1,8:45:37,10.26,24.75
72.6702,33.2077,2022/1/1,8:45:43,10.26,24.75
72.6689,33.2062,2022/1/1,8:45:49,10.26,24.75
72.6677,33.2046,2022/1/1,8:45:55,10.26,24.75
72.6665,33.2031,2022/1/1,8:46:1,10.26,24.75
72.6652,33.2015,2022/1/1,8:46:7,10.26,24.75
72.664,33.1998,2022/1/1,8:46:13,10.26,24.75
72.6632,33.198,2022/1/1,8:46:19,10.26,24.75
72.6628,33.1961,2022/1/1,8:46:25,10.26,24.75
72.6627,33.1942,2022/1/1,8:46:31,10.26,24.75
72.6626,33.1923,2022/1/1,8:46:37,10.26,24.75
72.6624,33.1904,2022/1/1,8:46:43,10.26,24.75
72.6618,33.1886,2022/1/1,8:46:49,10.26,24.75
72.6609,33.1868,2022/1/1,8:46:55,10.26,24.75
72.6602,33.185,2022/1/1,8:47:1,10.26,24.75
72.6594,33.1832,2022/1/1,8:47:7,10.26,24.75
72.6586,33.1814,2022/1/1,8:47:13,10.26,24.75
72.6578,33.1796,2022/1/1,8:47:19,10.26,24.75
72.657,33.1779,2022/1/1,8:47:25,10.26,24.75
72.6563,33.1761,2022/1/1,8:47:31,10.26,24.75
72.6555,33.1743,2022/1/1,8:47:37,10.26,24.75
72.6548,33.1724,2022/1/1,8:47:43,10.26,24.75
72.6542,33.1706,2022/1/1,8:47:49,10.26,24.75
72.6536,33.1687,2022/1/1,8:47:55,10.26,24.75
72.653,33.1668,2022/1/1,8:48:1,10.26,24.75
72.6523,33.1646,2022/1/1,8:48:8,10.26,24.75
72.6517,33.1627,2022/1/1,8:48:14,10.26,24.75
72.6511,33.1608,2022/1/1,8:48:20,10.26,24.75
72.6501,33.1591,2022/1/1,8:48:26,10.26,24.75
72.6485,33.1578,2022/1/1,8:48:32,10.26,24.75
72.6465,33.1567,2022/1/1,8:48:38,10.26,24.75
72.6444,33.1557,2022/1/1,8:48:44,10.26,24.75
72.6423,33.1547,2022/1/1,8:48:50,10.26,24.75
72.6402,33.1536,2022/1/1,8:48:56,10.26,24.75
72.6382,33.1526,2022/1/1,8:49:2,10.26,24.75
72.6363,33.1516,2022/1/1,8:49:8,10.26,24.75
72.6345,33.1504,2022/1/1,8:49:14,10.26,24.75
72.6327,33.1493,2022/1/1,8:49:20,10.26,24.75
72.6309,33.148,2022/1/1,8:49:26,10.26,24.75
72.6291,33.1468,2022/1/1,8:49:32,10.26,24.75
72.6274,33.1456,2022/1/1,8:49:38,10.26,24.75
72.6257,33.1443,2022/1/1,8:49:44,10.26,24.75
72.6243,33.1431,2022/1/1,8:49:50,10.26,24.75
72.6233,33.1416,2022/1/1,8:49:56,10.26,24.75
72.6229,33.14,2022/1/1,8:50:2,10.26,24.75
72.6228,33.1383,2022/1/1,8:50:8,10.26,24.75
72.6234,33.1367,2022/1/1,8:50:14,10.26,24.75
72.6243,33.1352,2022/1/1,8:50:20,10.26,24.75
72.6255,33.1338,2022/1/1,8:50:26,10.26,24.75
72.6266,33.1323,2022/1/1,8:50:32,10.26,24.75
72.6273,33.1307,2022/1/1,8:50:38,10.26,24.75
72.6278,33.1291,2022/1/1,8:50:44,10.26,24.75
72.628,33.1273,2022/1/1,8:50:50,10.26,24.75
72.6283,33.1256,2022/1/1,8:50:56,10.26,24.75
72.6285,33.1238,2022/1/1,8:51:2,10.26,24.75
72.6288,33.1219,2022/1/1,8:51:8,10.26,24.75
72.6291,33.1202,2022/1/1,8:51:14,10.26,24.75
72.629,33.1185,2022/1/1,8:51:20,10.26,24.75
72.6286,33.1168,2022/1/1,8:51:26,10.26,24.75
72.6279,33.1153,2022/1/1,8:51:32,10.26,24.75
72.6269,33.1139,2022/1/1,8:51:38,10.26,24.75
72.6258,33.1126,2022/1/1,8:51:44,10.26,24.75
72.6248,33.1113,2022/1/1,8:51:50,10.26,24.75
72.6239,33.1099,2022/1/1,8:51:56,10.26,24.75
72.6235,33.1084,2022/1/1,8:52:2,10.26,24.75
72.6237,33.1068,2022/1/1,8:52:8,10.26,24.75
72.624,33.1051,2022/1/1,8:52:14,10.26,24.75
72.6243,33.1034,2022/1/1,8:52:20,10.26,24.75
72.6246,33.1016,2022/1/1,8:52:26,10.26,24.75
72.625,33.0999,2022/1/1,8:52:32,10.26,24.75
72.6253,33.098,2022/1/1,8:52:38,10.26,24.75
72.6256,33.0962,2022/1/1,8:52:44,10.26,24.75
72.626,33.0944,2022/1/1,8:52:50,10.26,24.75
72.6263,33.0926,2022/1/1,8:52:56,10.26,24.75
72.6266,33.0907,2022/1/1,8:53:2,10.26,24.75
72.627,33.0889,2022/1/1,8:53:8,10.26,24.75
72.6273,33.087,2022/1/1,8:53:14,10.26,24.75
72.6277,33.0852,2022/1/1,8:53:20,10.26,24.75
72.6282,33.0834,2022/1/1,8:53:26,10.26,24.75
72.6288,33.0816,2022/1/1,8:53:32,10.26,24.75
72.6294,33.0797,2022/1/1,8:53:38,10.26,24.75
72.63,33.0778,2022/1/1,8:53:44,10.26,24.75
72.6307,33.0759,2022/1/1,8:53:50,10.26,24.75
72.6313,33.074,2022/1/1,8:53:56,10.26,24.75
72.6319,33.0721,2022/1/1,8:54:2,10.26,24.75
72.6325,33.0703,2022/1/1,8:54:8,10.26,24.75
72.6332,33.0681,2022/1/1,8:54:15,10.26,24.75
72.6338,33.0663,2022/1/1,8:54:21,10.26,24.75
72.6343,33.0644,2022/1/1,8:54:27,10.26,24.75
72.6347,33.0625,2022/1/1,8:54:33,10.26,24.75
72.6351,33.0606,2022/1/1,8:54:39,10.26,24.75
72.6355,33.0587,2022/1/1,8:54:45,10.26,24.75
72.6359,33.0567,2022/1/1,8:54:51,10.26,24.75
72.6363,33.0548,2022/1/1,8:54:57,10.26,24.75
72.6367,33.0528,2022/1/1,8:55:3,10.26,24.75
72.637,33.0509,2022/1/1,8:55:9,10.26,24.75
72.6374,33.049,2022/1/1,8:55:15,10.26,24.75
72.6378,33.047,2022/1/1,8:55:21,10.26,24.75
72.6382,33.0451,2022/1/1,8:55:27,10.26,24.75
72.6386,33.0431,2022/1/1,8:55:33,10.26,24.75
72.639,33.0412,2022/1/1,8:55:39,10.26,24.75
72.6393,33.0392,2022/1/1,8:55:45,10.26,24.75
72.6395,33.0373,2022/1/1,8:55:51,10.26,24.75
72.6397,33.0355,2022/1/1,8:55:57,10.26,24.75
72.6398,33.0337,2022/1/1,8:56:3,10.26,24.75
72.64,33.0319,2022/1/1,8:56:9,10.26,24.75
72.6403,33.0301,2022/1/1,8:56:15,10.26,24.75
72.6406,33.0282,2022/1/1,8:56:21,10.26,24.75
72.6411,33.0264,2022/1/1,8:56:27,10.26,24.75
72.6417,33.0245,2022/1/1,8:56:33,10.26,24.75
72.6423,33.0227,2022/1/1,8:56:39,10.26,24.75
72.643,33.0209,2022/1/1,8:56:45,10.26,24.75
72.6437,33.0191,2022/1/1,8:56:51,10.26,24.75
72.6443,33.0172,2022/1/1,8:56:57,10.26,24.75
72.6448,33.0154,2022/1/1,8:57:3,10.26,24.75
72.6452,33.0135,2022/1/1,8:57:9,10.26,24.75
72.6456,33.0117,2022/1/1,8:57:15,10.26,24.75
72.6458,33.0098,2022/1/1,8:57:21,10.26,24.75
72.646,33.0079,2022/1/1,8:57:27,10.26,24.75
72.6462,33.006,2022/1/1,8:57:33,10.26,24.75
72.6467,33.0041,2022/1/1,8:57:39,10.26,24.75
72.6475,33.0024,2022/1/1,8:57:45,10.26,24.75
72.6484,33.0007,2022/1/1,8:57:51,10.26,24.75
72.6495,32.9991,2022/1/1,8:57:57,10.26,24.75
72.6506,32.9975,2022/1/1,8:58:3,10.26,24.75
72.6517,32.9958,2022/1/1,8:58:9,10.26,24.75
72.6529,32.9942,2022/1/1,8:58:15,10.26,24.75
72.6541,32.9926,2022/1/1,8:58:21,10.26,24.75
72.6556,32.9911,2022/1/1,8:58:27,10.26,24.75
72.6572,32.9896,2022/1/1,8:58:33,10.26,24.75
72.659,32.9881,2022/1/1,8:58:39,10.26,24.75
72.6607,32.9867,2022/1/1,8:58:45,10.26,24.75
72.6624,32.9852,2022/1/1,8:58:51,10.26,24.75
72.6638,32.9836,2022/1/1,8:58:57,10.26,24.75
72.665,32.9818,2022/1/1,8:59:3,10.26,24.75
72.6659,32.9801,2022/1/1,8:59:9,10.26,24.75
72.6666,32.9783,2022/1/1,8:59:15,10.26,24.75
72.6671,32.9764,2022/1/1,8:59:21,10.26,24.75
72.6677,32.9746,2022/1/1,8:59:27,10.26,24.75
72.6682,32.9728,2022/1/1,8:59:33,10.26,24.75
72.6687,32.971,2022/1/1,8:59:39,10.26,24.75
72.6693,32.9692,2022/1/1,8:59:45,10.26,24.75
72.6698,32.9674,2022/1/1,8:59:51,10.26,24.75
72.6703,32.9656,2022/1/1,8:59:57,10.26,24.75
72.6709,32.9637,2022/1/1,9:0:3,12.73,21.06
72.6714,32.9619,2022/1/1,9:0:9,12.73,21.06
72.6722,32.9602,2022/1/1,9:0:15,12.73,21.06
72.6731,32.9584,2022/1/1,9:0:21,12.73,21.06
72.6743,32.9564,2022/1/1,9:0:28,12.73,21.06
72.6753,32.9547,2022/1/1,9:0:34,12.73,21.06
72.6764,32.953,2022/1/1,9:0:40,12.73,21.06
72.6774,32.9513,2022/1/1,9:0:46,12.73,21.06
72.6784,32.9496,2022/1/1,9:0:52,12.73,21.06
72.6795,32.9479,2022/1/1,9:0:58,12.73,21.06
72.6805,32.9462,2022/1/1,9:1:4,12.73,21.06
72.6815,32.9446,2022/1/1,9:1:10,12.73,21.06
72.6825,32.9429,2022/1/1,9:1:16,12.73,21.06
72.6835,32.9412,2022/1/1,9:1:22,12.73,21.06
72.6841,32.9393,2022/1/1,9:1:28,12.73,21.06
72.6841,32.9375,2022/1/1,9:1:34,12.73,21.06
72.6835,32.9357,2022/1/1,9:1:40,12.73,21.06
72.6823,32.9341,2022/1/1,9:1:46,12.73,21.06
72.6807,32.9327,2022/1/1,9:1:52,12.73,21.06
72.6788,32.9316,2022/1/1,9:1:58,12.73,21.06
72.677,32.9304,2022/1/1,9:2:4,12.73,21.06
72.6751,32.9292,2022/1/1,9:2:10,12.73,21.06
72.6733,32.928,2022/1/1,9:2:16,12.73,21.06
72.6715,32.9267,2022/1/1,9:2:22,12.73,21.06
72.6699,32.9253,2022/1/1,9:2:28,12.73,21.06
72.6682,32.924,2022/1/1,9:2:34,12.73,21.06
72.6665,32.9226,2022/1/1,9:2:40,12.73,21.06
72.6648,32.9213,2022/1/1,9:2:46,12.73,21.06
72.6631,32.9199,2022/1/1,9:2:52,12.73,21.06
72.6613,32.9184,2022/1/1,9:2:58,12.73,21.06
72.6596,32.917,2022/1/1,9:3:4,12.73,21.06
72.6578,32.9156,2022/1/1,9:3:10,12.73,21.06
72.656,32.9141,2022/1/1,9:3:16,12.73,21.06
72.6544,32.9127,2022/1/1,9:3:22,12.73,21.06
72.6531,32.9111,2022/1/1,9:3:28,12.73,21.06
72.6522,32.9093,2022/1/1,9:3:34,12.73,21.06
72.6516,32.9076,2022/1/1,9:3:40,12.73,21.06
72.6509,32.9059,2022/1/1,9:3:46,12.73,21.06
72.6503,32.9042,2022/1/1,9:3:52,12.73,21.06
72.6501,32.9024,2022/1/1,9:3:58,12.73,21.06
72.6504,32.9006,2022/1/1,9:4:4,12.73,21.06
72.6507,32.8988,2022/1/1,9:4:10,12.73,21.06
72.651,32.897,2022/1/1,9:4:16,12.73,21.06
72.6513,32.8952,2022/1/1,9:4:22,12.73,21.06
72.6513,32.8933,2022/1/1,9:4:28,12.73,21.06
72.6514,32.8914,2022/1/1,9:4:34,12.73,21.06
72.6514,32.8896,2022/1/1,9:4:40,12.73,21.06
72.6515,32.8877,2022/1/1,9:4:46,12.73,21.06
72.6515,32.8858,2022/1/1,9:4:52,12.73,21.06
72.6518,32.8839,2022/1/1,9:4:58,12.73,21.06
72.6521,32.882,2022/1/1,9:5:4,12.73,21.06
72.6524,32.8801,2022/1/1,9:5:10,12.73,21.06
72.6526,32.8782,2022/1/1,9:5:16,12.73,21.06
72.6525,32.8763,2022/1/1,9:5:22,12.73,21.06
72.6524,32.8745,2022/1/1,9:5:28,12.73,21.06
72.6522,32.8727,2022/1/1,9:5:34,12.73,21.06
72.6521,32.8708,2022/1/1,9:5:40,12.73,21.06
72.6519,32.8691,2022/1/1,9:5:46,12.73,21.06
72.6518,32.8673,2022/1/1,9:5:52,12.73,21.06
72.6517,32.8655,2022/1/1,9:5:58,12.73,21.06
72.6515,32.8637,2022/1/1,9:6:4,12.73,21.06
72.6514,32.8619,2022/1/1,9:6:10,12.73,21.06
72.6513,32.8602,2022/1/1,9:6:16,12.73,21.06
72.6514,32.8584,2022/1/1,9:6:22,12.73,21.06
72.652,32.8567,2022/1/1,9:6:28,12.73,21.06
72.6528,32.8547,2022/1/1,9:6:35,12.73,21.06
72.6535,32.853,2022/1/1,9:6:41,12.73,21.06
72.6542,32.8513,2022/1/1,9:6:47,12.73,21.06
72.6549,32.8496,2022/1/1,9:6:53,12.73,21.06
72.6556,32.8479,2022/1/1,9:6:59,12.73,21.06
72.656,32.846,2022/1/1,9:7:5,12.73,21.06
72.6561,32.8442,2022/1/1,9:7:11,12.73,21.06
72.6562,32.8424,2022/1/1,9:7:17,12.73,21.06
72.6563,32.8406,2022/1/1,9:7:23,12.73,21.06
72.6564,32.8389,2022/1/1,9:7:29,12.73,21.06
72.6569,32.8372,2022/1/1,9:7:35,12.73,21.06
72.6575,32.8356,2022/1/1,9:7:41,12.73,21.06
72.6582,32.834,2022/1/1,9:7:47,12.73,21.06
72.6588,32.8324,2022/1/1,9:7:53,12.73,21.06
72.6594,32.8309,2022/1/1,9:7:59,12.73,21.06
72.66,32.8294,2022/1/1,9:8:5,12.73,21.06
72.6605,32.8278,2022/1/1,9:8:11,12.73,21.06
72.6609,32.8262,2022/1/1,9:8:17,12.73,21.06
72.661,32.8245,2022/1/1,9:8:23,12.73,21.06
72.6611,32.8229,2022/1/1,9:8:29,12.73,21.06
72.6612,32.8212,2022/1/1,9:8:35,12.73,21.06
72.6613,32.8195,2022/1/1,9:8:41,12.73,21.06
72.6615,32.8178,2022/1/1,9:8:47,12.73,21.06
72.6616,32.8161,2022/1/1,9:8:53,12.73,21.06
72.6617,32.8143,2022/1/1,9:8:59,12.73,21.06
72.6616,32.8124,2022/1/1,9:9:5,12.73,21.06
72.6611,32.8106,2022/1/1,9:9:11,12.73,21.06
72.6602,32.8089,2022/1/1,9:9:17,12.73,21.06
72.6593,32.8072,2022/1/1,9:9:23,12.73,21.06
72.6589,32.8055,2022/1/1,9:9:29,12.73,21.06
72.659,32.8037,2022/1/1,9:9:35,12.73,21.06
72.6596,32.8021,2022/1/1,9:9:41,12.73,21.06
72.6607,32.8006,2022/1/1,9:9:47,12.73,21.06
72.6622,32.7994,2022/1/1,9:9:53,12.73,21.06
72.6638,32.7982,2022/1/1,9:9:59,12.73,21.06
72.6654,32.7969,2022/1/1,9:10:5,12.73,21.06
72.667,32.7956,2022/1/1,9:10:11,12.73,21.06
72.6688,32.7944,2022/1/1,9:10:17,12.73,21.06
72.6707,32.7934,2022/1/1,9:10:23,12.73,21.06
72.6729,32.7926,2022/1/1,9:10:29,12.73,21.06
72.6752,32.7921,2022/1/1,9:10:35,12.73,21.06
72.6777,32.7919,2022/1/1,9:10:41,12.73,21.06
72.6801,32.792,2022/1/1,9:10:47,12.73,21.06
72.6825,32.7922,2022/1/1,9:10:53,12.73,21.06
72.6849,32.7925,2022/1/1,9:10:59,12.73,21.06
72.6873,32.7927,2022/1/1,9:11:5,12.73,21.06
72.6897,32.793,2022/1/1,9:11:11,12.73,21.06
72.692,32.7933,2022/1/1,9:11:17,12.73,21.06
72.6942,32.7935,2022/1/1,9:11:23,12.73,21.06
72.6962,32.7937,2022/1/1,9:11:29,12.73,21.06
72.6983,32.794,2022/1/1,9:11:35,12.73,21.06
72.7004,32.7942,2022/1/1,9:11:41,12.73,21.06
72.7027,32.7942,2022/1/1,9:11:47,12.73,21.06
72.7049,32.7937,2022/1/1,9:11:53,12.73,21.06
72.7069,32.7928,2022/1/1,9:11:59,12.73,21.06
72.7086,32.7914,2022/1/1,9:12:5,12.73,21.06
72.7099,32.7897,2022/1/1,9:12:11,12.73,21.06
72.7112,32.7881,2022/1/1,9:12:17,12.73,21.06
72.7124,32.7865,2022/1/1,9:12:23,12.73,21.06
72.7137,32.7848,2022/1/1,9:12:29,12.73,21.06
72.7149,32.7832,2022/1/1,9:12:35,12.73,21.06
72.7159,32.7812,2022/1/1,9:12:42,12.73,21.06
72.7165,32.7794,2022/1/1,9:12:48,12.73,21.06
72.717,32.7776,2022/1/1,9:12:54,12.73,21.06
72.7175,32.7757,2022/1/1,9:13:0,12.73,21.06
72.7181,32.7738,2022/1/1,9:13:6,12.73,21.06
72.7187,32.7719,2022/1/1,9:13:12,12.73,21.06
72.7193,32.77,2022/1/1,9:13:18,12.73,21.06
72.7206,32.7686,2022/1/1,9:13:24,12.73,21.06
72.7223,32.7677,2022/1/1,9:13:30,12.73,21.06
72.7243,32.7673,2022/1/1,9:13:36,12.73,21.06
72.7263,32.767,2022/1/1,9:13:42,12.73,21.06
72.7284,32.7668,2022/1/1,9:13:48,12.73,21.06
72.7305,32.7665,2022/1/1,9:13:54,12.73,21.06
72.7325,32.7662,2022/1/1,9:14:0,12.73,21.06
72.7343,32.7653,2022/1/1,9:14:6,12.73,21.06
72.7356,32.7641,2022/1/1,9:14:12,12.73,21.06
72.7365,32.7627,2022/1/1,9:14:18,12.73,21.06
72.7368,32.7611,2022/1/1,9:14:24,12.73,21.06
72.737,32.7594,2022/1/1,9:14:30,12.73,21.06
72.7375,32.7578,2022/1/1,9:14:36,12.73,21.06
72.7385,32.7562,2022/1/1,9:14:42,12.73,21.06
72.7395,32.7547,2022/1/1,9:14:48,12.73,21.06
72.7404,32.7531,2022/1/1,9:14:54,12.73,21.06
72.741,32.7514,2022/1/1,9:15:0,12.73,21.06
72.7416,32.7497,2022/1/1,9:15:6,13.13,20.88
72.7422,32.7479,2022/1/1,9:15:12,13.13,20.88
72.7428,32.7462,2022/1/1,9:15:18,13.13,20.88
72.7434,32.7445,2022/1/1,9:15:24,13.13,20.88
72.744,32.7429,2022/1/1,9:15:30,13.13,20.88
72.7445,32.7413,2022/1/1,9:15:36,13.13,20.88
72.745,32.7397,2022/1/1,9:15:42,13.13,20.88
72.7454,32.7382,2022/1/1,9:15:48,13.13,20.88
72.7458,32.7366,2022/1/1,9:15:54,13.13,20.88
72.7461,32.7349,2022/1/1,9:16:0,13.13,20.88
72.7463,32.7333,2022/1/1,9:16:6,13.13,20.88
72.7465,32.7316,2022/1/1,9:16:12,13.13,20.88
72.7466,32.73,2022/1/1,9:16:18,13.13,20.88
72.7467,32.7284,2022/1/1,9:16:24,13.13,20.88
72.7467,32.7268,2022/1/1,9:16:30,13.13,20.88
72.7467,32.7252,2022/1/1,9:16:36,13.13,20.88
72.7468,32.7234,2022/1/1,9:16:42,13.13,20.88
72.7469,32.7216,2022/1/1,9:16:48,13.13,20.88
72.7474,32.7197,2022/1/1,9:16:54,13.13,20.88
72.7479,32.7178,2022/1/1,9:17:0,13.13,20.88
72.7486,32.7158,2022/1/1,9:17:6,13.13,20.88
72.7492,32.7138,2022/1/1,9:17:12,13.13,20.88
72.7497,32.7119,2022/1/1,9:17:18,13.13,20.88
72.7501,32.7101,2022/1/1,9:17:24,13.13,20.88
72.7504,32.7083,2022/1/1,9:17:30,13.13,20.88
72.7506,32.7065,2022/1/1,9:17:36,13.13,20.88
72.7508,32.7047,2022/1/1,9:17:42,13.13,20.88
72.7511,32.7029,2022/1/1,9:17:48,13.13,20.88
72.7513,32.7011,2022/1/1,9:17:54,13.13,20.88
72.7516,32.6994,2022/1/1,9:18:0,13.13,20.88
72.752,32.6978,2022/1/1,9:18:6,13.13,20.88
72.7528,32.6964,2022/1/1,9:18:12,13.13,20.88
72.7537,32.695,2022/1/1,9:18:18,13.13,20.88
72.7547,32.694,2022/1/1,9:18:24,13.13,20.88
72.7557,32.6933,2022/1/1,9:18:30,13.13,20.88
72.7568,32.6924,2022/1/1,9:18:36,13.13,20.88
72.758,32.6915,2022/1/1,9:18:42,13.13,20.88
72.7597,32.6906,2022/1/1,9:18:49,13.13,20.88
72.7608,32.6895,2022/1/1,9:18:55,13.13,20.88
72.7612,32.6882,2022/1/1,9:19:1,13.13,20.88
72.7609,32.6869,2022/1/1,9:19:7,13.13,20.88
72.7599,32.6859,2022/1/1,9:19:13,13.13,20.88
72.7586,32.6852,2022/1/1,9:19:19,13.13,20.88
72.7575,32.6846,2022/1/1,9:19:25,13.13,20.88
72.757,32.6838,2022/1/1,9:19:31,13.13,20.88
72.7571,32.6829,2022/1/1,9:19:37,13.13,20.88
72.7579,32.682,2022/1/1,9:19:43,13.13,20.88
72.7587,32.6811,2022/1/1,9:19:49,13.13,20.88
72.7585,32.6802,2022/1/1,9:19:55,13.13,20.88
72.7575,32.68,2022/1/1,9:20:1,13.13,20.88
72.7568,32.6807,2022/1/1,9:20:7,13.13,20.88
72.7561,32.6812,2022/1/1,9:20:13,13.13,20.88
72.7552,32.6809,2022/1/1,9:20:19,13.13,20.88
72.755,32.6801,2022/1/1,9:20:25,13.13,20.88
72.7551,32.6789,2022/1/1,9:20:31,13.13,20.88
72.7552,32.6776,2022/1/1,9:20:37,13.13,20.88
72.7552,32.6763,2022/1/1,9:20:43,13.13,20.88
72.7547,32.6753,2022/1/1,9:20:49,13.13,20.88
72.7539,32.6744,2022/1/1,9:20:55,13.13,20.88
72.7529,32.6737,2022/1/1,9:21:1,13.13,20.88
72.752,32.673,2022/1/1,9:21:7,13.13,20.88
72.751,32.6722,2022/1/1,9:21:13,13.13,20.88
72.75,32.6713,2022/1/1,9:21:19,13.13,20.88
72.7488,32.6704,2022/1/1,9:21:25,13.13,20.88
72.7478,32.6696,2022/1/1,9:21:31,13.13,20.88
72.7471,32.6685,2022/1/1,9:21:37,13.13,20.88
72.7462,32.6675,2022/1/1,9:21:43,13.13,20.88
72.7451,32.6666,2022/1/1,9:21:49,13.13,20.88
72.7442,32.6658,2022/1/1,9:21:55,13.13,20.88
72.7444,32.6649,2022/1/1,9:22:1,13.13,20.88
72.7453,32.6645,2022/1/1,9:22:7,13.13,20.88
72.7463,32.6642,2022/1/1,9:22:13,13.13,20.88
72.7467,32.6631,2022/1/1,9:22:19,13.13,20.88
72.7464,32.6618,2022/1/1,9:22:25,13.13,20.88
72.7461,32.6605,2022/1/1,9:22:31,13.13,20.88
72.7455,32.6594,2022/1/1,9:22:37,13.13,20.88
72.7448,32.6584,2022/1/1,9:22:43,13.13,20.88
72.7441,32.6572,2022/1/1,9:22:49,13.13,20.88
72.7429,32.6563,2022/1/1,9:22:55,13.13,20.88
72.7415,32.6556,2022/1/1,9:23:1,13.13,20.88
72.7404,32.6547,2022/1/1,9:23:7,13.13,20.88
72.7393,32.6538,2022/1/1,9:23:13,13.13,20.88
72.7387,32.653,2022/1/1,9:23:19,13.13,20.88
72.7389,32.6523,2022/1/1,9:23:25,13.13,20.88
72.7399,32.652,2022/1/1,9:23:31,13.13,20.88
72.7412,32.6518,2022/1/1,9:23:37,13.13,20.88
72.7425,32.6512,2022/1/1,9:23:43,13.13,20.88
72.7435,32.6505,2022/1/1,9:23:49,13.13,20.88
72.7436,32.6495,2022/1/1,9:23:55,13.13,20.88
72.7438,32.6485,2022/1/1,9:24:1,13.13,20.88
72.7447,32.6479,2022/1/1,9:24:7,13.13,20.88
72.7459,32.648,2022/1/1,9:24:13,13.13,20.88
72.7467,32.6488,2022/1/1,9:24:19,13.13,20.88
72.7471,32.6497,2022/1/1,9:24:25,13.13,20.88
72.7482,32.6498,2022/1/1,9:24:31,13.13,20.88
72.7494,32.6493,2022/1/1,9:24:37,13.13,20.88
72.7508,32.6488,2022/1/1,9:24:43,13.13,20.88
72.7517,32.6478,2022/1/1,9:24:49,13.13,20.88
72.7527,32.6469,2022/1/1,9:24:56,13.13,20.88
72.7541,32.6462,2022/1/1,9:25:2,13.13,20.88
72.7555,32.6456,2022/1/1,9:25:8,13.13,20.88
72.7573,32.6454,2022/1/1,9:25:14,13.13,20.88
72.7592,32.6451,2022/1/1,9:25:20,13.13,20.88
72.7606,32.6441,2022/1/1,9:25:26,13.13,20.88
72.7618,32.6427,2022/1/1,9:25:32,13.13,20.88
72.7632,32.6414,2022/1/1,9:25:38,13.13,20.88
72.7648,32.6401,2022/1/1,9:25:44,13.13,20.88
72.7664,32.6389,2022/1/1,9:25:50,13.13,20.88
72.768,32.6376,2022/1/1,9:25:56,13.13,20.88
72.7697,32.6363,2022/1/1,9:26:2,13.13,20.88
72.7713,32.6351,2022/1/1,9:26:8,13.13,20.88
72.773,32.6338,2022/1/1,9:26:14,13.13,20.88
72.7746,32.6325,2022/1/1,9:26:20,13.13,20.88
72.7761,32.6311,2022/1/1,9:26:26,13.13,20.88
72.7774,32.6296,2022/1/1,9:26:32,13.13,20.88
72.7786,32.628,2022/1/1,9:26:38,13.13,20.88
72.7797,32.6262,2022/1/1,9:26:44,13.13,20.88
72.7806,32.6244,2022/1/1,9:26:50,13.13,20.88
72.7815,32.6226,2022/1/1,9:26:56,13.13,20.88
72.7823,32.6207,2022/1/1,9:27:2,13.13,20.88
72.7832,32.6188,2022/1/1,9:27:8,13.13,20.88
72.7841,32.617,2022/1/1,9:27:14,13.13,20.88
72.7849,32.6153,2022/1/1,9:27:20,13.13,20.88
72.7856,32.6135,2022/1/1,9:27:26,13.13,20.88
72.7863,32.6117,2022/1/1,9:27:32,13.13,20.88
72.787,32.61,2022/1/1,9:27:38,13.13,20.88
72.7878,32.6081,2022/1/1,9:27:44,13.13,20.88
72.7885,32.6062,2022/1/1,9:27:50,13.13,20.88
72.7893,32.6043,2022/1/1,9:27:56,13.13,20.88
72.79,32.6025,2022/1/1,9:28:2,13.13,20.88
72.7907,32.6007,2022/1/1,9:28:8,13.13,20.88
72.7914,32.5988,2022/1/1,9:28:14,13.13,20.88
72.7921,32.5969,2022/1/1,9:28:20,13.13,20.88
72.7928,32.5951,2022/1/1,9:28:26,13.13,20.88
72.7936,32.5932,2022/1/1,9:28:32,13.13,20.88
72.7943,32.5914,2022/1/1,9:28:38,13.13,20.88
72.7951,32.5895,2022/1/1,9:28:44,13.13,20.88
72.7959,32.5877,2022/1/1,9:28:50,13.13,20.88
72.7968,32.5859,2022/1/1,9:28:56,13.13,20.88
72.7976,32.5842,2022/1/1,9:29:2,13.13,20.88
72.7984,32.5825,2022/1/1,9:29:8,13.13,20.88
72.7993,32.5808,2022/1/1,9:29:14,13.13,20.88
72.8002,32.5791,2022/1/1,9:29:20,13.13,20.88
72.8011,32.5773,2022/1/1,9:29:26,13.13,20.88
72.802,32.5756,2022/1/1,9:29:32,13.13,20.88
72.8029,32.5738,2022/1/1,9:29:38,13.13,20.88
72.8038,32.5721,2022/1/1,9:29:44,13.13,20.88
72.8047,32.5704,2022/1/1,9:29:50,13.13,20.88
72.8056,32.5687,2022/1/1,9:29:56,13.13,20.88
72.8065,32.5669,2022/1/1,9:30:2,13.13,20.88
72.8074,32.5651,2022/1/1,9:30:8,13.13,20.88
72.8084,32.5633,2022/1/1,9:30:14,13.13,20.88
72.8093,32.5614,2022/1/1,9:30:20,13.13,20.88
72.8103,32.5596,2022/1/1,9:30:26,13.13,20.88
72.8112,32.5578,2022/1/1,9:30:32,13.13,20.88
72.8121,32.556,2022/1/1,9:30:38,13.13,20.88
72.8131,32.5542,2022/1/1,9:30:44,12.57,22.06
72.814,32.5524,2022/1/1,9:30:50,12.57,22.06
72.8149,32.5506,2022/1/1,9:30:56,12.57,22.06
72.8159,32.5485,2022/1/1,9:31:3,12.57,22.06
72.8167,32.5467,2022/1/1,9:31:9,12.57,22.06
72.8175,32.5448,2022/1/1,9:31:15,12.57,22.06
72.8183,32.543,2022/1/1,9:31:21,12.57,22.06
72.8191,32.5412,2022/1/1,9:31:27,12.57,22.06
72.8198,32.5393,2022/1/1,9:31:33,12.57,22.06
72.8206,32.5375,2022/1/1,9:31:39,12.57,22.06
72.8213,32.5357,2022/1/1,9:31:45,12.57,22.06
72.8221,32.5338,2022/1/1,9:31:51,12.57,22.06
72.8229,32.5319,2022/1/1,9:31:57,12.57,22.06
72.8237,32.53,2022/1/1,9:32:3,12.57,22.06
72.8245,32.5281,2022/1/1,9:32:9,12.57,22.06
72.8253,32.5262,2022/1/1,9:32:15,12.57,22.06
72.8261,32.5243,2022/1/1,9:32:21,12.57,22.06
72.8269,32.5224,2022/1/1,9:32:27,12.57,22.06
72.8277,32.5204,2022/1/1,9:32:33,12.57,22.06
72.8285,32.5185,2022/1/1,9:32:39,12.57,22.06
72.8293,32.5166,2022/1/1,9:32:45,12.57,22.06
72.8301,32.5147,2022/1/1,9:32:51,12.57,22.06
72.8309,32.5128,2022/1/1,9:32:57,12.57,22.06
72.8316,32.5109,2022/1/1,9:33:3,12.57,22.06
72.8324,32.5091,2022/1/1,9:33:9,12.57,22.06
72.8332,32.5072,2022/1/1,9:33:15,12.57,22.06
72.834,32.5053,2022/1/1,9:33:21,12.57,22.06
72.8348,32.5034,2022/1/1,9:33:27,12.57,22.06
72.8357,32.5016,2022/1/1,9:33:33,12.57,22.06
72.8367,32.4998,2022/1/1,9:33:39,12.57,22.06
72.8378,32.498,2022/1/1,9:33:45,12.57,22.06
72.839,32.4964,2022/1/1,9:33:51,12.57,22.06
72.8402,32.4948,2022/1/1,9:33:57,12.57,22.06
72.8415,32.4932,2022/1/1,9:34:3,12.57,22.06
72.8429,32.4917,2022/1/1,9:34:9,12.57,22.06
72.8444,32.4903,2022/1/1,9:34:15,12.57,22.06
72.8459,32.4888,2022/1/1,9:34:21,12.57,22.06
72.8474,32.4875,2022/1/1,9:34:27,12.57,22.06
72.8489,32.4861,2022/1/1,9:34:33,12.57,22.06
72.8505,32.4848,2022/1/1,9:34:39,12.57,22.06
72.852,32.4834,2022/1/1,9:34:45,12.57,22.06
72.8535,32.4821,2022/1/1,9:34:51,12.57,22.06
72.855,32.4808,2022/1/1,9:34:57,12.57,22.06
72.8565,32.4794,2022/1/1,9:35:3,12.57,22.06
72.858,32.4781,2022/1/1,9:35:9,12.57,22.06
72.8595,32.4767,2022/1/1,9:35:15,12.57,22.06
72.861,32.4754,2022/1/1,9:35:21,12.57,22.06
72.8626,32.474,2022/1/1,9:35:27,12.57,22.06
72.8641,32.4726,2022/1/1,9:35:33,12.57,22.06
72.8657,32.4713,2022/1/1,9:35:39,12.57,22.06
72.8672,32.4699,2022/1/1,9:35:45,12.57,22.06
72.8688,32.4685,2022/1/1,9:35:51,12.57,22.06
72.8704,32.4671,2022/1/1,9:35:57,12.57,22.06
72.872,32.4659,2022/1/1,9:36:3,12.57,22.06
72.8735,32.4646,2022/1/1,9:36:9,12.57,22.06
72.8752,32.4633,2022/1/1,9:36:15,12.57,22.06
72.8769,32.462,2022/1/1,9:36:21,12.57,22.06
72.8786,32.4607,2022/1/1,9:36:27,12.57,22.06
72.8803,32.4595,2022/1/1,9:36:33,12.57,22.06
72.882,32.4582,2022/1/1,9:36:39,12.57,22.06
72.8837,32.4569,2022/1/1,9:36:45,12.57,22.06
72.8855,32.4557,2022/1/1,9:36:51,12.57,22.06
72.8872,32.4544,2022/1/1,9:36:57,12.57,22.06
72.889,32.4532,2022/1/1,9:37:3,12.57,22.06
72.8911,32.4518,2022/1/1,9:37:10,12.57,22.06
72.8929,32.4507,2022/1/1,9:37:16,12.57,22.06
72.8948,32.4496,2022/1/1,9:37:22,12.57,22.06
72.8968,32.4485,2022/1/1,9:37:28,12.57,22.06
72.8987,32.4475,2022/1/1,9:37:34,12.57,22.06
72.9007,32.4465,2022/1/1,9:37:40,12.57,22.06
72.9026,32.4455,2022/1/1,9:37:46,12.57,22.06
72.9046,32.4445,2022/1/1,9:37:52,12.57,22.06
72.9066,32.4435,2022/1/1,9:37:58,12.57,22.06
72.9086,32.4425,2022/1/1,9:38:4,12.57,22.06
72.9105,32.4415,2022/1/1,9:38:10,12.57,22.06
72.9125,32.4404,2022/1/1,9:38:16,12.57,22.06
72.9145,32.4394,2022/1/1,9:38:22,12.57,22.06
72.9164,32.4384,2022/1/1,9:38:28,12.57,22.06
72.9183,32.4374,2022/1/1,9:38:34,12.57,22.06
72.9203,32.4364,2022/1/1,9:38:40,12.57,22.06
72.9222,32.4354,2022/1/1,9:38:46,12.57,22.06
72.9242,32.4344,2022/1/1,9:38:52,12.57,22.06
72.926,32.4335,2022/1/1,9:38:58,12.57,22.06
72.9279,32.4325,2022/1/1,9:39:4,12.57,22.06
72.9298,32.4315,2022/1/1,9:39:10,12.57,22.06
72.9317,32.4305,2022/1/1,9:39:16,12.57,22.06
72.9336,32.4295,2022/1/1,9:39:22,12.57,22.06
72.9355,32.4285,2022/1/1,9:39:28,12.57,22.06
72.9374,32.4275,2022/1/1,9:39:34,12.57,22.06
72.9394,32.4265,2022/1/1,9:39:40,12.57,22.06
72.9414,32.4255,2022/1/1,9:39:46,12.57,22.06
72.9433,32.4245,2022/1/1,9:39:52,12.57,22.06
72.9452,32.4235,2022/1/1,9:39:58,12.57,22.06
72.9471,32.4223,2022/1/1,9:40:4,12.57,22.06
72.9488,32.4211,2022/1/1,9:40:10,12.57,22.06
72.9504,32.4197,2022/1/1,9:40:16,12.57,22.06
72.9519,32.4182,2022/1/1,9:40:22,12.57,22.06
72.9533,32.4167,2022/1/1,9:40:28,12.57,22.06
72.9546,32.415,2022/1/1,9:40:34,12.57,22.06
72.9559,32.4134,2022/1/1,9:40:40,12.57,22.06
72.9571,32.4117,2022/1/1,9:40:46,12.57,22.06
72.9584,32.41,2022/1/1,9:40:52,12.57,22.06
72.9596,32.4083,2022/1/1,9:40:58,12.57,22.06
72.9609,32.4066,2022/1/1,9:41:4,12.57,22.06
72.9621,32.4049,2022/1/1,9:41:10,12.57,22.06
72.9634,32.4033,2022/1/1,9:41:16,12.57,22.06
72.9646,32.4016,2022/1/1,9:41:22,12.57,22.06
72.9656,32.4005,2022/1/1,9:41:28,12.57,22.06
72.966,32.3999,2022/1/1,9:41:34,12.57,22.06
72.9662,32.3997,2022/1/1,9:41:40,12.57,22.06
72.9662,32.3997,2022/1/1,9:50:6,12.57,22.06
72.9664,32.3993,2022/1/1,9:50:12,12.57,22.06
72.9669,32.3987,2022/1/1,9:50:18,12.57,22.06
72.9675,32.3978,2022/1/1,9:50:24,12.57,22.06
72.9683,32.3968,2022/1/1,9:50:30,12.57,22.06
72.9692,32.3956,2022/1/1,9:50:36,12.57,22.06
72.9701,32.3943,2022/1/1,9:50:42,12.57,22.06
72.9712,32.393,2022/1/1,9:50:48,12.57,22.06
72.9722,32.3916,2022/1/1,9:50:54,12.57,22.06
72.9734,32.39,2022/1/1,9:51:0,12.57,22.06
72.9745,32.3885,2022/1/1,9:51:6,12.57,22.06
72.9757,32.3869,2022/1/1,9:51:12,12.57,22.06
72.9769,32.3853,2022/1/1,9:51:18,12.57,22.06
72.9781,32.3836,2022/1/1,9:51:24,12.57,22.06
72.9792,32.3819,2022/1/1,9:51:30,12.57,22.06
72.9803,32.3802,2022/1/1,9:51:36,12.57,22.06
72.9812,32.3784,2022/1/1,9:51:42,12.57,22.06
72.9821,32.3766,2022/1/1,9:51:48,12.57,22.06
72.9829,32.3747,2022/1/1,9:51:54,12.57,22.06
72.9836,32.3728,2022/1/1,9:52:0,12.57,22.06
72.9843,32.3709,2022/1/1,9:52:6,12.57,22.06
72.9851,32.369,2022/1/1,9:52:12,12.57,22.06
72.986,32.3671,2022/1/1,9:52:18,12.57,22.06
72.9869,32.3653,2022/1/1,9:52:24,12.57,22.06
72.988,32.3636,2022/1/1,9:52:30,12.57,22.06
72.9891,32.3618,2022/1/1,9:52:36,12.57,22.06
72.9903,32.3601,2022/1/1,9:52:42,12.57,22.06
72.9917,32.3585,2022/1/1,9:52:48,12.57,22.06
72.993,32.3569,2022/1/1,9:52:54,12.57,22.06
72.9945,32.3554,2022/1/1,9:53:0,12.57,22.06
72.9959,32.3539,2022/1/1,9:53:6,12.57,22.06
72.9974,32.3523,2022/1/1,9:53:12,12.57,22.06
72.9989,32.3508,2022/1/1,9:53:18,12.57,22.06
73.0004,32.3492,2022/1/1,9:53:24,12.57,22.06
73.0018,32.3477,2022/1/1,9:53:30,12.57,22.06
73.0032,32.3462,2022/1/1,9:53:36,12.57,22.06
73.0046,32.3445,2022/1/1,9:53:42,12.57,22.06
73.0059,32.3429,2022/1/1,9:53:48,12.57,22.06
73.0072,32.3412,2022/1/1,9:53:54,12.57,22.06
73.0084,32.3395,2022/1/1,9:54:0,12.57,22.06
73.0095,32.3377,2022/1/1,9:54:6,12.57,22.06
73.0106,32.3359,2022/1/1,9:54:12,12.57,22.06
73.0117,32.3341,2022/1/1,9:54:18,12.57,22.06
73.0127,32.3323,2022/1/1,9:54:24,12.57,22.06
73.0138,32.3305,2022/1/1,9:54:30,12.57,22.06
73.0149,32.3287,2022/1/1,9:54:36,12.57,22.06
73.0159,32.3269,2022/1/1,9:54:42,12.57,22.06
73.0169,32.3251,2022/1/1,9:54:48,12.57,22.06
73.0178,32.3233,2022/1/1,9:54:54,12.57,22.06
73.0186,32.3215,2022/1/1,9:55:0,12.57,22.06
73.0193,32.3199,2022/1/1,9:55:6,12.57,22.06
73.02,32.3182,2022/1/1,9:55:12,12.57,22.06
73.0208,32.3166,2022/1/1,9:55:18,12.57,22.06
73.0217,32.3149,2022/1/1,9:55:24,12.57,22.06
73.0227,32.3133,2022/1/1,9:55:30,12.57,22.06
73.0238,32.3114,2022/1/1,9:55:37,12.57,22.06
73.0248,32.3098,2022/1/1,9:55:43,12.57,22.06
73.0257,32.3081,2022/1/1,9:55:49,12.57,22.06
73.0266,32.3064,2022/1/1,9:55:55,12.57,22.06
73.0273,32.3046,2022/1/1,9:56:1,12.57,22.06
73.0278,32.3027,2022/1/1,9:56:7,12.57,22.06
73.0281,32.3008,2022/1/1,9:56:13,12.57,22.06
73.0283,32.2989,2022/1/1,9:56:19,12.57,22.06
73.0287,32.2971,2022/1/1,9:56:25,12.57,22.06
73.0291,32.2952,2022/1/1,9:56:31,12.57,22.06
73.0296,32.2933,2022/1/1,9:56:37,12.57,22.06
73.03,32.2914,2022/1/1,9:56:43,12.57,22.06
73.0305,32.2896,2022/1/1,9:56:49,12.57,22.06
73.031,32.2877,2022/1/1,9:56:55,12.57,22.06
73.0313,32.2857,2022/1/1,9:57:1,12.57,22.06
73.0314,32.2838,2022/1/1,9:57:7,12.57,22.06
73.0314,32.2818,2022/1/1,9:57:13,12.57,22.06
73.0314,32.2799,2022/1/1,9:57:19,12.57,22.06
73.0314,32.2779,2022/1/1,9:57:25,12.57,22.06
73.0313,32.2759,2022/1/1,9:57:31,12.57,22.06
73.0313,32.2738,2022/1/1,9:57:37,12.57,22.06
73.0314,32.2718,2022/1/1,9:57:43,12.57,22.06
73.0315,32.2698,2022/1/1,9:57:49,12.57,22.06
73.0316,32.2678,2022/1/1,9:57:55,12.57,22.06
73.0316,32.2658,2022/1/1,9:58:1,12.57,22.06
73.0317,32.2639,2022/1/1,9:58:7,12.57,22.06
73.0317,32.2619,2022/1/1,9:58:13,12.57,22.06
73.0315,32.2599,2022/1/1,9:58:19,12.57,22.06
73.0314,32.2579,2022/1/1,9:58:25,12.57,22.06
73.0314,32.2559,2022/1/1,9:58:31,12.57,22.06
73.0317,32.2539,2022/1/1,9:58:37,12.57,22.06
73.032,32.2519,2022/1/1,9:58:43,12.57,22.06
73.0322,32.2499,2022/1/1,9:58:49,12.96,21.06
73.0322,32.2479,2022/1/1,9:58:55,12.96,21.06
73.0319,32.2459,2022/1/1,9:59:1,12.96,21.06
73.0316,32.2439,2022/1/1,9:59:7,12.96,21.06
73.0315,32.2419,2022/1/1,9:59:13,12.96,21.06
73.0315,32.2399,2022/1/1,9:59:19,12.96,21.06
73.0315,32.238,2022/1/1,9:59:25,12.96,21.06
73.0315,32.2361,2022/1/1,9:59:31,12.96,21.06
73.0315,32.2342,2022/1/1,9:59:37,12.96,21.06
73.0315,32.2322,2022/1/1,9:59:43,12.96,21.06
73.0315,32.2302,2022/1/1,9:59:49,12.96,21.06
73.0315,32.2282,2022/1/1,9:59:55,12.96,21.06
73.0315,32.2263,2022/1/1,10:0:1,17.08,16.75
73.0317,32.2244,2022/1/1,10:0:7,17.08,16.75
73.0321,32.2224,2022/1/1,10:0:13,17.08,16.75
73.0326,32.2205,2022/1/1,10:0:19,17.08,16.75
73.0334,32.2186,2022/1/1,10:0:25,17.08,16.75
73.034,32.2168,2022/1/1,10:0:31,17.08,16.75
73.0345,32.2148,2022/1/1,10:0:37,17.08,16.75
73.0348,32.2129,2022/1/1,10:0:43,17.08,16.75
73.035,32.211,2022/1/1,10:0:49,17.08,16.75
73.0351,32.209,2022/1/1,10:0:55,17.08,16.75
73.0351,32.207,2022/1/1,10:1:1,17.08,16.75
73.0352,32.2051,2022/1/1,10:1:7,17.08,16.75
73.0352,32.2031,2022/1/1,10:1:13,17.08,16.75
73.0352,32.2011,2022/1/1,10:1:19,17.08,16.75
73.0353,32.1991,2022/1/1,10:1:25,17.08,16.75
73.0354,32.1971,2022/1/1,10:1:31,17.08,16.75
73.0356,32.1948,2022/1/1,10:1:38,17.08,16.75
73.036,32.1929,2022/1/1,10:1:44,17.08,16.75
73.0364,32.191,2022/1/1,10:1:50,17.08,16.75
73.0369,32.1892,2022/1/1,10:1:56,17.08,16.75
73.0375,32.1874,2022/1/1,10:2:2,17.08,16.75
73.0382,32.1855,2022/1/1,10:2:8,17.08,16.75
73.039,32.1837,2022/1/1,10:2:14,17.08,16.75
73.0399,32.182,2022/1/1,10:2:20,17.08,16.75
73.0408,32.1802,2022/1/1,10:2:26,17.08,16.75
73.0419,32.1785,2022/1/1,10:2:32,17.08,16.75
73.043,32.1769,2022/1/1,10:2:38,17.08,16.75
73.044,32.1752,2022/1/1,10:2:44,17.08,16.75
73.0449,32.1734,2022/1/1,10:2:50,17.08,16.75
73.0459,32.1717,2022/1/1,10:2:56,17.08,16.75
73.0467,32.1699,2022/1/1,10:3:2,17.08,16.75
73.0474,32.168,2022/1/1,10:3:8,17.08,16.75
73.0481,32.1662,2022/1/1,10:3:14,17.08,16.75
73.0488,32.1643,2022/1/1,10:3:20,17.08,16.75
73.0495,32.1625,2022/1/1,10:3:26,17.08,16.75
73.0502,32.1607,2022/1/1,10:3:32,17.08,16.75
73.0509,32.1589,2022/1/1,10:3:38,17.08,16.75
73.0516,32.1571,2022/1/1,10:3:44,17.08,16.75
73.0523,32.1553,2022/1/1,10:3:50,17.08,16.75
73.053,32.1535,2022/1/1,10:3:56,17.08,16.75
73.0539,32.1518,2022/1/1,10:4:2,17.08,16.75
73.0548,32.15,2022/1/1,10:4:8,17.08,16.75
73.0559,32.1483,2022/1/1,10:4:14,17.08,16.75
73.057,32.1466,2022/1/1,10:4:20,17.08,16.75
73.0581,32.1449,2022/1/1,10:4:26,17.08,16.75
73.0593,32.1432,2022/1/1,10:4:32,17.08,16.75
73.0603,32.1415,2022/1/1,10:4:38,17.08,16.75
73.0612,32.1397,2022/1/1,10:4:44,17.08,16.75
73.0618,32.1378,2022/1/1,10:4:50,17.08,16.75
73.0623,32.1358,2022/1/1,10:4:56,17.08,16.75
73.0625,32.1338,2022/1/1,10:5:2,17.08,16.75
73.0626,32.1318,2022/1/1,10:5:8,17.08,16.75
73.0625,32.1299,2022/1/1,10:5:14,17.08,16.75
73.0626,32.128,2022/1/1,10:5:20,17.08,16.75
73.0626,32.1262,2022/1/1,10:5:26,17.08,16.75
73.0628,32.1243,2022/1/1,10:5:32,17.08,16.75
73.063,32.1224,2022/1/1,10:5:38,17.08,16.75
73.0633,32.1206,2022/1/1,10:5:44,17.08,16.75
73.0636,32.1187,2022/1/1,10:5:50,17.08,16.75
73.064,32.1168,2022/1/1,10:5:56,17.08,16.75
73.0644,32.1149,2022/1/1,10:6:2,17.08,16.75
73.0649,32.1129,2022/1/1,10:6:8,17.08,16.75
73.0655,32.111,2022/1/1,10:6:14,17.08,16.75
73.0661,32.1091,2022/1/1,10:6:20,17.08,16.75
73.0666,32.1075,2022/1/1,10:6:26,17.08,16.75
73.0668,32.1069,2022/1/1,10:7:14,17.08,16.75
73.0668,32.1069,2022/1/1,10:7:20,17.08,16.75
73.0668,32.107,2022/1/1,10:7:26,17.08,16.75
73.0668,32.107,2022/1/1,10:7:32,17.08,16.75
73.0668,32.107,2022/1/1,10:7:38,17.08,16.75
73.0668,32.107,2022/1/1,10:7:45,17.08,16.75
73.0668,32.107,2022/1/1,10:7:51,17.08,16.75
73.0668,32.107,2022/1/1,10:7:57,17.08,16.75
73.0668,32.107,2022/1/1,10:8:3,17.08,16.75
73.0668,32.107,2022/1/1,10:8:9,17.08,16.75
73.0668,32.107,2022/1/1,10:8:15,17.08,16.75
73.0668,32.107,2022/1/1,10:8:21,17.08,16.75
73.0668,32.107,2022/1/1,10:8:27,17.08,16.75
73.0668,32.107,2022/1/1,10:8:33,17.08,16.75
73.0668,32.107,2022/1/1,10:8:39,17.08,16.75
73.0668,32.107,2022/1/1,10:8:45,17.08,16.75
73.0668,32.107,2022/1/1,10:8:51,17.08,16.75
73.0668,32.107,2022/1/1,10:8:57,17.08,16.75
73.0668,32.107,2022/1/1,10:9:3,17.08,16.75
73.0668,32.107,2022/1/1,10:9:9,17.08,16.75
73.0668,32.1071,2022/1/1,10:9:15,17.08,16.75
73.0668,32.1069,2022/1/1,10:9:21,17.08,16.75
73.067,32.1063,2022/1/1,10:9:27,17.08,16.75
73.0672,32.1054,2022/1/1,10:9:33,17.08,16.75
73.0675,32.1043,2022/1/1,10:9:39,17.08,16.75
73.0679,32.103,2022/1/1,10:9:45,17.08,16.75
73.0683,32.1016,2022/1/1,10:9:51,17.08,16.75
73.0688,32.1001,2022/1/1,10:9:57,17.08,16.75
73.0692,32.0985,2022/1/1,10:10:3,17.08,16.75
73.0697,32.0968,2022/1/1,10:10:9,17.08,16.75
73.0702,32.0951,2022/1/1,10:10:15,17.08,16.75
73.0707,32.0934,2022/1/1,10:10:21,17.08,16.75
73.0712,32.0917,2022/1/1,10:10:27,17.08,16.75
73.0717,32.0899,2022/1/1,10:10:33,17.08,16.75
73.0722,32.0881,2022/1/1,10:10:39,17.08,16.75
73.0726,32.0863,2022/1/1,10:10:45,17.08,16.75
73.073,32.0845,2022/1/1,10:10:51,17.08,16.75
73.0733,32.0827,2022/1/1,10:10:57,17.08,16.75
73.0735,32.0808,2022/1/1,10:11:3,17.08,16.75
73.0738,32.0789,2022/1/1,10:11:9,17.08,16.75
73.074,32.077,2022/1/1,10:11:15,17.08,16.75
73.0743,32.0752,2022/1/1,10:11:21,17.08,16.75
73.0746,32.0733,2022/1/1,10:11:27,17.08,16.75
73.0748,32.0714,2022/1/1,10:11:33,17.08,16.75
73.0751,32.0696,2022/1/1,10:11:39,17.08,16.75
73.0753,32.0679,2022/1/1,10:11:45,17.08,16.75
73.0756,32.0661,2022/1/1,10:11:51,17.08,16.75
73.0758,32.0643,2022/1/1,10:11:57,17.08,16.75
73.076,32.0625,2022/1/1,10:12:3,17.08,16.75
73.0763,32.0607,2022/1/1,10:12:9,17.08,16.75
73.0765,32.0588,2022/1/1,10:12:15,17.08,16.75
73.0768,32.057,2022/1/1,10:12:21,17.08,16.75
73.077,32.0552,2022/1/1,10:12:27,17.08,16.75
73.0773,32.0534,2022/1/1,10:12:33,17.08,16.75
73.0776,32.0516,2022/1/1,10:12:39,17.08,16.75
73.0779,32.0498,2022/1/1,10:12:45,17.08,16.75
73.0784,32.048,2022/1/1,10:12:51,17.08,16.75
73.0789,32.0462,2022/1/1,10:12:57,17.08,16.75
73.0795,32.0444,2022/1/1,10:13:3,17.08,16.75
73.0802,32.0426,2022/1/1,10:13:9,17.08,16.75
73.0809,32.0408,2022/1/1,10:13:15,17.08,16.75
73.0817,32.0391,2022/1/1,10:13:21,17.08,16.75
73.0826,32.0375,2022/1/1,10:13:27,17.08,16.75
73.0834,32.0358,2022/1/1,10:13:33,17.08,16.75
73.0842,32.034,2022/1/1,10:13:39,17.08,16.75
73.0851,32.0323,2022/1/1,10:13:45,17.08,16.75
73.086,32.0303,2022/1/1,10:13:52,17.08,16.75
73.0869,32.0286,2022/1/1,10:13:58,17.08,16.75
73.0877,32.0268,2022/1/1,10:14:4,17.08,16.75
73.0885,32.0251,2022/1/1,10:14:10,17.08,16.75
73.0894,32.0233,2022/1/1,10:14:16,17.08,16.75
73.0902,32.0216,2022/1/1,10:14:22,17.08,16.75
73.091,32.0199,2022/1/1,10:14:28,17.08,16.75
73.0919,32.0182,2022/1/1,10:14:34,17.08,16.75
73.0928,32.0165,2022/1/1,10:14:40,17.08,16.75
73.0937,32.0149,2022/1/1,10:14:46,17.08,16.75
73.0946,32.0132,2022/1/1,10:14:52,17.08,16.75
73.0956,32.0116,2022/1/1,10:14:58,17.08,16.75
73.0966,32.01,2022/1/1,10:15:4,17.08,16.75
73.0976,32.0084,2022/1/1,10:15:10,17.08,16.75
73.0987,32.0067,2022/1/1,10:15:16,17.08,16.75
73.0998,32.0052,2022/1/1,10:15:22,17.08,16.75
73.1008,32.0037,2022/1/1,10:15:28,17.08,16.75
73.1017,32.0021,2022/1/1,10:15:34,17.08,16.75
73.1026,32.0005,2022/1/1,10:15:40,17.08,16.75
73.1034,31.9988,2022/1/1,10:15:46,17.08,16.75
73.104,31.9971,2022/1/1,10:15:52,17.08,16.75
73.1045,31.9953,2022/1/1,10:15:58,17.08,16.75
73.1049,31.9936,2022/1/1,10:16:4,17.08,16.75
73.1052,31.9917,2022/1/1,10:16:10,17.08,16.75
73.1054,31.99,2022/1/1,10:16:16,17.08,16.75
73.1055,31.9882,2022/1/1,10:16:22,17.08,16.75
73.1057,31.9864,2022/1/1,10:16:28,17.08,16.75
73.106,31.9846,2022/1/1,10:16:34,17.08,16.75
73.1065,31.9828,2022/1/1,10:16:40,17.08,16.75
73.107,31.9811,2022/1/1,10:16:46,17.08,16.75
73.1076,31.9794,2022/1/1,10:16:52,17.08,16.75
73.1083,31.9777,2022/1/1,10:16:58,17.08,16.75
73.1092,31.9761,2022/1/1,10:17:4,17.08,16.75
73.1101,31.9745,2022/1/1,10:17:10,17.08,16.75
73.111,31.973,2022/1/1,10:17:16,17.08,16.75
73.112,31.9715,2022/1/1,10:17:22,17.08,16.75
73.113,31.9699,2022/1/1,10:17:28,17.08,16.75
73.114,31.9683,2022/1/1,10:17:34,17.08,16.75
73.115,31.9668,2022/1/1,10:17:40,17.08,16.75
73.1162,31.9653,2022/1/1,10:17:46,17.08,16.75
73.1175,31.9639,2022/1/1,10:17:52,17.08,16.75
73.1188,31.9625,2022/1/1,10:17:58,17.08,16.75
73.1203,31.9611,2022/1/1,10:18:4,17.08,16.75
73.1218,31.9598,2022/1/1,10:18:10,17.08,16.75
73.1235,31.9586,2022/1/1,10:18:16,17.08,16.75
73.1252,31.9575,2022/1/1,10:18:22,17.08,16.75
73.127,31.9564,2022/1/1,10:18:28,17.08,16.75
73.1288,31.9554,2022/1/1,10:18:34,17.08,16.75
73.1307,31.9545,2022/1/1,10:18:40,17.08,16.75
73.1326,31.9536,2022/1/1,10:18:46,17.08,16.75
73.1346,31.9527,2022/1/1,10:18:52,17.08,16.75
73.1365,31.9518,2022/1/1,10:18:58,17.08,16.75
73.1385,31.9508,2022/1/1,10:19:4,17.08,16.75
73.1401,31.9495,2022/1/1,10:19:10,17.08,16.75
73.1417,31.9482,2022/1/1,10:19:16,17.08,16.75
73.1434,31.9471,2022/1/1,10:19:22,17.08,16.75
73.1454,31.9464,2022/1/1,10:19:28,17.08,16.75
73.1475,31.9458,2022/1/1,10:19:34,17.08,16.75
73.1496,31.9453,2022/1/1,10:19:40,17.08,16.75
73.1516,31.9448,2022/1/1,10:19:46,17.08,16.75
73.154,31.9442,2022/1/1,10:19:53,17.08,16.75
73.1561,31.9437,2022/1/1,10:19:59,17.08,16.75
73.1581,31.9432,2022/1/1,10:20:5,17.08,16.75
73.1602,31.9426,2022/1/1,10:20:11,17.08,16.75
73.1623,31.9421,2022/1/1,10:20:17,17.08,16.75
73.1644,31.9415,2022/1/1,10:20:23,17.08,16.75
73.1665,31.941,2022/1/1,10:20:29,17.08,16.75
73.1686,31.9405,2022/1/1,10:20:35,17.08,16.75
73.1708,31.94,2022/1/1,10:20:41,17.08,16.75
73.1729,31.9394,2022/1/1,10:20:47,17.08,16.75
73.175,31.939,2022/1/1,10:20:53,17.08,16.75
73.1772,31.9387,2022/1/1,10:20:59,17.08,16.75
73.1794,31.9386,2022/1/1,10:21:5,17.08,16.75
73.1816,31.9384,2022/1/1,10:21:11,17.08,16.75
73.1838,31.9382,2022/1/1,10:21:17,17.08,16.75
73.186,31.938,2022/1/1,10:21:23,17.08,16.75
73.1883,31.9378,2022/1/1,10:21:29,17.08,16.75
73.1905,31.9376,2022/1/1,10:21:35,17.08,16.75
73.1927,31.9374,2022/1/1,10:21:41,17.08,16.75
73.1949,31.9373,2022/1/1,10:21:47,17.08,16.75
73.1971,31.9371,2022/1/1,10:21:53,17.08,16.75
73.1994,31.9369,2022/1/1,10:21:59,17.08,16.75
73.2016,31.9367,2022/1/1,10:22:5,17.08,16.75
73.2037,31.9365,2022/1/1,10:22:11,17.08,16.75
73.2058,31.9363,2022/1/1,10:22:17,17.08,16.75
73.208,31.9361,2022/1/1,10:22:23,17.08,16.75
73.2102,31.9359,2022/1/1,10:22:29,17.08,16.75
73.2124,31.9358,2022/1/1,10:22:35,17.08,16.75
73.2146,31.9356,2022/1/1,10:22:41,17.08,16.75
73.2167,31.9354,2022/1/1,10:22:47,17.08,16.75
73.2188,31.9352,2022/1/1,10:22:53,17.08,16.75
73.2209,31.9351,2022/1/1,10:22:59,17.08,16.75
73.2231,31.9349,2022/1/1,10:23:5,17.08,16.75
73.2253,31.9347,2022/1/1,10:23:11,17.08,16.75
73.2276,31.9345,2022/1/1,10:23:17,17.08,16.75
73.2298,31.9343,2022/1/1,10:23:23,17.08,16.75
73.2321,31.9341,2022/1/1,10:23:29,17.08,16.75
73.2343,31.9339,2022/1/1,10:23:35,17.08,16.75
73.2366,31.9337,2022/1/1,10:23:41,17.08,16.75
73.2389,31.9336,2022/1/1,10:23:47,17.08,16.75
73.2411,31.9334,2022/1/1,10:23:53,17.08,16.75
73.2434,31.9332,2022/1/1,10:23:59,17.08,16.75
73.2457,31.933,2022/1/1,10:24:5,17.08,16.75
73.2479,31.9328,2022/1/1,10:24:11,17.08,16.75
73.2501,31.9326,2022/1/1,10:24:17,17.08,16.75
73.2524,31.9324,2022/1/1,10:24:23,17.08,16.75
73.2546,31.9322,2022/1/1,10:24:29,17.08,16.75
73.2568,31.9321,2022/1/1,10:24:35,17.08,16.75
73.2591,31.932,2022/1/1,10:24:41,17.08,16.75
73.2613,31.9318,2022/1/1,10:24:47,17.08,16.75
73.2635,31.9316,2022/1/1,10:24:53,17.08,16.75
73.2657,31.9313,2022/1/1,10:24:59,17.08,16.75
73.2679,31.9311,2022/1/1,10:25:5,17.08,16.75
73.2702,31.9309,2022/1/1,10:25:11,17.08,16.75
73.2724,31.9307,2022/1/1,10:25:17,17.08,16.75
73.2747,31.9305,2022/1/1,10:25:23,17.08,16.75
73.2769,31.9303,2022/1/1,10:25:29,17.08,16.75
73.2792,31.9302,2022/1/1,10:25:35,17.08,16.75
73.2814,31.9302,2022/1/1,10:25:41,17.08,16.75
73.2837,31.9301,2022/1/1,10:25:47,17.08,16.75
73.2859,31.9301,2022/1/1,10:25:53,17.08,16.75
73.2882,31.93,2022/1/1,10:25:59,17.08,16.75
73.2908,31.93,2022/1/1,10:26:6,17.08,16.75
73.2931,31.9299,2022/1/1,10:26:12,17.08,16.75
73.2955,31.9299,2022/1/1,10:26:18,17.08,16.75
73.2978,31.9299,2022/1/1,10:26:24,17.08,16.75
73.3001,31.9298,2022/1/1,10:26:30,17.08,16.75
73.3024,31.9298,2022/1/1,10:26:36,17.08,16.75
73.3047,31.9296,2022/1/1,10:26:42,17.08,16.75
73.307,31.9294,2022/1/1,10:26:48,17.08,16.75
73.3093,31.9289,2022/1/1,10:26:54,17.08,16.75
73.3115,31.9284,2022/1/1,10:27:0,17.08,16.75
73.3137,31.9278,2022/1/1,10:27:6,17.08,16.75
73.3159,31.9272,2022/1/1,10:27:12,17.08,16.75
73.3181,31.9267,2022/1/1,10:27:18,17.08,16.75
73.3203,31.9261,2022/1/1,10:27:24,17.08,16.75
73.3225,31.9255,2022/1/1,10:27:30,17.08,16.75
73.3247,31.925,2022/1/1,10:27:36,17.08,16.75
73.3269,31.9245,2022/1/1,10:27:42,17.08,16.75
73.3292,31.9241,2022/1/1,10:27:48,17.08,16.75
73.3314,31.9238,2022/1/1,10:27:54,17.08,16.75
73.3337,31.9235,2022/1/1,10:28:0,17.08,16.75
73.336,31.9234,2022/1/1,10:28:6,17.08,16.75
73.3382,31.9233,2022/1/1,10:28:12,17.08,16.75
73.3405,31.9232,2022/1/1,10:28:18,17.08,16.75
73.3427,31.9232,2022/1/1,10:28:24,17.08,16.75
73.345,31.9231,2022/1/1,10:28:30,17.08,16.75
73.3473,31.923,2022/1/1,10:28:36,17.08,16.75
73.3496,31.923,2022/1/1,10:28:42,17.08,16.75
73.3518,31.9229,2022/1/1,10:28:48,17.08,16.75
73.354,31.9226,2022/1/1,10:28:54,17.08,16.75
73.3562,31.9223,2022/1/1,10:29:0,17.08,16.75
73.3584,31.9219,2022/1/1,10:29:6,17.08,16.75
73.3606,31.9216,2022/1/1,10:29:12,17.08,16.75
